Student_ID,Gender,Age,Class,Attendance_Percentage,Study_Hours_Per_Week,Parent_Education_Level,Extracurricular_Participation,Midterm_Score,Final_Score,Assignments_Submitted,Behavior_Score,Overall_Grade,Pass_Fail,Average percentage
S0001,Male,19,Grade 11,98.5,19.4,Postgraduate,Yes,45.1,70.5,8,8,C,Pass,57.8
S0002,Female,20,Grade 11,98,3.5,Graduate,No,97.3,34.2,10,9,F,Fail,65.75
S0003,Female,14,Grade 12,94,22.4,High School,No,88.1,74.6,8,7,C,Pass,81.35
S0004,Female,14,Grade 12,64.9,20.4,Graduate,Yes,100,57.2,9,9,D,Pass,78.6
S0005,Male,14,Grade 10,95.2,23.9,High School,No,90.1,91.5,5,10,A,Pass,90.8
S0006,Male,18,Grade 11,84.5,16.3,Graduate,Yes,53.1,68.2,6,5,C,Pass,60.65
S0007,Male,17,Grade 11,59.7,13.2,Postgraduate,No,80,85.2,8,10,B,Pass,82.6
S0008,Female,18,Grade 9,98,12.7,Graduate,No,56.2,87.5,10,5,B,Pass,71.85
S0009,Female,17,Grade 12,99.4,12.3,Postgraduate,Yes,93.7,87.2,10,5,B,Pass,90.45
S0010,Female,18,Grade 11,66,19.9,High School,Yes,53.5,64.1,4,9,C,Pass,58.8
S0011,Male,18,Grade 10,86.8,18.6,Graduate,Yes,52.8,63.9,10,7,C,Pass,58.35
S0012,Other,19,Grade 10,98.9,15.6,Postgraduate,No,45.9,68.9,5,8,C,Pass,57.4
S0013,Female,16,Grade 12,97.3,11.4,High School,Yes,62.7,80.9,7,9,B,Pass,71.8
S0014,Male,18,Grade 10,93.4,28.1,Postgraduate,No,59.7,64.9,7,7,C,Pass,62.3
S0015,Male,19,Grade 10,58.5,19.6,High School,Yes,51.1,70.3,10,4,C,Pass,60.7
S0016,Male,15,Grade 12,92.3,7,Graduate,No,99.8,75.8,4,4,B,Pass,87.8
S0017,Male,16,Grade 11,82.8,12.4,Postgraduate,No,77.9,59.3,8,5,D,Pass,68.6
S0018,Female,18,Grade 11,95,19.7,Graduate,No,76.2,58.4,5,6,D,Pass,67.3
S0019,Male,20,Grade 10,87.6,11,High School,No,93.8,69.8,4,10,C,Pass,81.8
S0020,Male,14,Grade 10,84.8,16.8,Graduate,No,73.8,71.6,8,10,C,Pass,72.7
S0021,Female,15,Grade 11,91.4,19.8,Graduate,No,58.8,78.1,5,5,B,Pass,68.45
S0022,Male,15,Grade 12,83.3,0,Postgraduate,Yes,44.5,81.4,10,6,B,Pass,62.95
S0023,Male,19,Grade 10,84.8,14.5,Graduate,Yes,57.9,56.6,7,7,D,Pass,57.25
S0024,Male,15,Grade 9,79.4,14.7,High School,Yes,92.6,60.6,5,4,C,Pass,76.6
S0025,Male,16,Grade 12,68.9,12.9,Graduate,Yes,51.2,58.4,10,10,D,Pass,54.8
S0026,Female,18,Grade 10,90.7,16.5,Graduate,Yes,75.3,91.8,9,9,A,Pass,83.55
S0027,Male,18,Grade 10,76.9,18.3,Graduate,No,85.5,70.3,6,6,C,Pass,77.9
S0028,Female,20,Grade 9,83,15.7,Graduate,No,74.3,72.2,5,7,C,Pass,73.25
S0029,Female,14,Grade 9,87.9,13.1,Postgraduate,Yes,76,72.8,6,4,C,Pass,74.4
S0030,Male,19,Grade 11,64.1,18.2,Graduate,No,79.8,62,5,9,C,Pass,70.9
S0031,Female,14,Grade 12,66.4,15.2,Graduate,Yes,75.7,93.9,6,6,A,Pass,84.8
S0032,Male,15,Grade 12,82,13.8,High School,No,94.1,77.8,9,5,B,Pass,85.95
S0033,Male,20,Grade 11,89.5,8.4,High School,No,54.4,72.6,7,5,C,Pass,63.5
S0034,Female,14,Grade 12,92.4,7.2,High School,No,73.6,56.5,8,5,D,Pass,65.05
S0035,Other,16,Grade 12,69.1,8.3,High School,No,42.7,55.7,6,10,D,Pass,49.2
S0036,Female,18,Grade 12,91.4,16.4,Graduate,Yes,38.9,67.7,9,7,C,Pass,53.3
S0037,Male,15,Grade 12,82.5,14.6,Graduate,No,68.8,62.2,6,5,C,Pass,65.5
S0038,Male,20,Grade 12,76.2,7.6,Graduate,No,78.2,57.1,7,10,D,Pass,67.65
S0039,Female,14,Grade 9,78.5,18.2,Postgraduate,Yes,94.5,66.8,6,8,C,Pass,80.65
S0040,Male,19,Grade 12,93,21.9,Postgraduate,No,100,69,9,10,C,Pass,84.5
S0041,Male,16,Grade 9,87.7,12,Postgraduate,Yes,89.8,74,10,4,C,Pass,81.9
S0042,Female,16,Grade 12,85.5,6.3,Graduate,No,80.9,64.9,9,10,C,Pass,72.9
S0043,Male,14,Grade 11,87.4,11.5,Graduate,Yes,72.4,57.9,4,7,D,Pass,65.15
S0044,Female,18,Grade 10,94.3,19.3,Graduate,Yes,47,58.4,7,9,D,Pass,52.7
S0045,Male,14,Grade 9,84,17.7,High School,No,67.8,89,10,10,B,Pass,78.4
S0046,Female,15,Grade 12,85.5,10.4,High School,No,89.4,54.5,4,5,D,Pass,71.95
S0047,Male,14,Grade 11,96.4,22.6,Postgraduate,Yes,83.5,77.1,7,4,B,Pass,80.3
S0048,Female,16,Grade 10,81.7,21.7,Postgraduate,Yes,50.7,79.3,10,6,B,Pass,65
S0049,Female,20,Grade 9,91.2,11.3,High School,No,79.2,70.3,6,5,C,Pass,74.75
S0050,Male,14,Grade 10,80,11.3,Graduate,Yes,77.9,96.7,10,4,A,Pass,87.3
S0051,Other,18,Grade 11,80.8,12,Postgraduate,Yes,75.2,79,9,8,B,Pass,77.1
S0052,Female,20,Grade 9,84,12.5,High School,No,69.6,97.8,4,6,A,Pass,83.7
S0053,Female,19,Grade 10,90.2,19.8,High School,No,80,62.9,6,8,C,Pass,71.45
S0054,Female,17,Grade 12,96.9,17.1,Postgraduate,Yes,80.5,63.1,9,9,C,Pass,71.8
S0055,Female,14,Grade 9,86,19.4,Graduate,No,60.4,79.4,7,4,B,Pass,69.9
S0056,Female,18,Grade 10,70,18.4,High School,No,76.8,68.3,10,8,C,Pass,72.55
S0057,Male,20,Grade 11,91.3,23.6,Graduate,No,67.2,95.6,9,9,A,Pass,81.4
S0058,Male,18,Grade 11,100,9.7,Postgraduate,No,47.7,76.8,6,4,B,Pass,62.25
S0059,Male,19,Grade 9,86.1,16.9,Graduate,Yes,61.6,57.4,4,4,D,Pass,59.5
S0060,Male,16,Grade 10,67.9,4.1,High School,Yes,46.5,47.7,4,8,D,Pass,47.1
S0061,Male,18,Grade 9,86.7,8.4,High School,Yes,84.7,70.9,10,4,C,Pass,77.8
S0062,Male,20,Grade 9,85,14.6,Graduate,No,75.3,70.8,9,5,C,Pass,73.05
S0063,Female,18,Grade 10,84.1,17.1,Graduate,Yes,64.7,76.4,6,4,B,Pass,70.55
S0064,Male,18,Grade 10,94.5,14.5,Graduate,No,91.3,88.9,5,7,B,Pass,90.1
S0065,Male,18,Grade 12,98.8,12.2,High School,Yes,71,87.1,7,9,B,Pass,79.05
S0066,Female,15,Grade 10,91.8,13.1,Postgraduate,Yes,48.5,63.9,7,4,C,Pass,56.2
S0067,Male,15,Grade 11,83.7,21.8,High School,No,63.4,53.9,6,7,D,Pass,58.65
S0068,Female,16,Grade 9,96.3,13.1,High School,No,94.5,54.7,5,4,D,Pass,74.6
S0069,Male,14,Grade 9,70.1,23.7,High School,Yes,60,61.7,4,4,C,Pass,60.85
S0070,Other,18,Grade 11,77.8,19,High School,No,74.1,66.9,10,8,C,Pass,70.5
S0071,Female,19,Grade 10,79,17.3,Graduate,Yes,81.2,76.3,8,5,B,Pass,78.75
S0072,Male,14,Grade 11,84.7,9,Graduate,No,78.8,60.8,8,9,C,Pass,69.8
S0073,Male,19,Grade 11,90.1,19.7,High School,No,100,75.9,10,5,B,Pass,87.95
S0074,Female,14,Grade 12,83,12.5,Graduate,Yes,52.4,77.1,6,6,B,Pass,64.75
S0075,Female,16,Grade 11,75.9,9,High School,No,53.9,74,5,8,C,Pass,63.95
S0076,Female,18,Grade 9,94.7,17.6,Graduate,No,52.6,56.2,5,8,D,Pass,54.4
S0077,Female,18,Grade 11,82.6,8.1,Postgraduate,No,65.6,78.5,7,5,B,Pass,72.05
S0078,Male,17,Grade 9,86,11.2,High School,Yes,86.5,100,4,10,A,Pass,93.25
S0079,Male,19,Grade 9,90.5,14.9,Graduate,Yes,54.5,75.4,9,8,B,Pass,64.95
S0080,Male,14,Grade 9,85.4,26.1,High School,No,86.7,30.7,5,5,F,Fail,58.7
S0081,Female,14,Grade 10,85.4,11.6,High School,Yes,70.5,89.4,10,8,B,Pass,79.95
S0082,Female,15,Grade 12,95.3,12.7,High School,No,53.4,62.2,9,4,C,Pass,57.8
S0083,Male,17,Grade 9,86.5,18.7,Graduate,No,43.7,100,8,5,A,Pass,71.85
S0084,Male,20,Grade 9,93.6,8.8,Graduate,No,47.1,73.6,9,5,C,Pass,60.35
S0085,Male,20,Grade 10,90.4,17.2,High School,Yes,60,48.4,4,7,D,Pass,54.2
S0086,Male,15,Grade 9,100,21,Postgraduate,Yes,67.5,43.1,10,8,F,Fail,55.3
S0087,Female,15,Grade 11,89.1,13.5,Graduate,No,90.2,93.6,4,8,A,Pass,91.9
S0088,Female,15,Grade 11,91.4,20.1,Postgraduate,Yes,82,87.5,9,5,B,Pass,84.75
S0089,Female,19,Grade 12,96,16.5,Graduate,Yes,57.4,100,6,4,A,Pass,78.7
S0090,Male,19,Grade 9,85.6,11.3,Graduate,Yes,76.1,72.2,5,4,C,Pass,74.15
S0091,Male,16,Grade 10,78.6,14,High School,Yes,94.8,71.2,10,9,C,Pass,83
S0092,Female,16,Grade 11,80.3,13.1,High School,No,98.1,66.6,6,4,C,Pass,82.35
S0093,Female,15,Grade 10,80.4,14.6,Postgraduate,Yes,65.3,62.8,9,8,C,Pass,64.05
S0094,Female,17,Grade 10,75.5,15.8,High School,Yes,84.4,66.5,5,10,C,Pass,75.45
S0095,Female,14,Grade 11,88.2,17.9,Postgraduate,Yes,90.8,75,7,7,B,Pass,82.9
S0096,Female,19,Grade 10,78.7,17.5,Graduate,No,47.4,60.2,6,5,C,Pass,53.8
S0097,Female,17,Grade 11,86.9,2.8,High School,No,62.3,48.6,6,6,D,Pass,55.45
S0098,Male,18,Grade 10,83.4,14.5,High School,Yes,100,74.2,9,7,C,Pass,87.1
S0099,Male,19,Grade 11,84.6,7.5,High School,No,65.5,59.9,8,10,D,Pass,62.7
S0100,Male,19,Grade 9,90.6,13.6,Postgraduate,No,26.1,26.6,9,6,F,Fail,26.35
S0101,Male,16,Grade 12,79.6,14.4,Graduate,No,68.2,79.7,6,7,B,Pass,73.95
S0102,Female,14,Grade 11,91.4,19.9,High School,No,86.9,56.5,5,4,D,Pass,71.7
S0103,Male,14,Grade 11,100,14.8,High School,Yes,70.1,81.3,8,8,B,Pass,75.7
S0104,Female,20,Grade 12,88.4,16.3,High School,Yes,80.7,80.9,9,10,B,Pass,80.8
S0105,Female,20,Grade 11,77.2,19,Graduate,Yes,84.1,76,10,6,B,Pass,80.05
S0106,Male,20,Grade 11,78.8,21.1,High School,Yes,64.7,100,9,10,A,Pass,82.35
S0107,Male,20,Grade 10,82.5,14.4,Postgraduate,No,62.2,70.1,6,7,C,Pass,66.15
S0108,Female,18,Grade 12,79.1,15.5,High School,Yes,72.3,68,6,8,C,Pass,70.15
S0109,Male,18,Grade 9,75.1,15.1,High School,Yes,72.7,81.6,7,10,B,Pass,77.15
S0110,Male,19,Grade 11,86.5,12.3,Graduate,No,70.8,71.2,9,6,C,Pass,71
S0111,Male,15,Grade 12,82.8,11.2,Graduate,No,71.4,88.2,6,5,B,Pass,79.8
S0112,Male,16,Grade 10,86.9,3.6,Postgraduate,Yes,58.8,54.2,10,7,D,Pass,56.5
S0113,Female,16,Grade 9,96.9,9.6,Graduate,Yes,81.3,54.5,4,5,D,Pass,67.9
S0114,Female,20,Grade 12,82.6,6.1,High School,Yes,79,82.7,8,4,B,Pass,80.85
S0115,Female,19,Grade 9,73.1,21.3,Graduate,No,50,55.7,4,5,D,Pass,52.85
S0116,Female,17,Grade 9,81,15.9,High School,Yes,64.2,80.5,8,5,B,Pass,72.35
S0117,Female,15,Grade 9,92.7,14.4,High School,Yes,71.4,77.2,10,9,B,Pass,74.3
S0118,Male,19,Grade 11,91.8,11.4,Postgraduate,No,62,62.3,9,7,C,Pass,62.15
S0119,Female,15,Grade 11,90.2,15.1,Graduate,Yes,79.6,77.1,7,4,B,Pass,78.35
S0120,Female,15,Grade 10,78.8,10.8,Postgraduate,No,69,54.7,6,5,D,Pass,61.85
S0121,Female,15,Grade 10,92.5,15.9,Graduate,No,72.5,58,6,8,D,Pass,65.25
S0122,Female,19,Grade 12,94.8,16.2,Graduate,Yes,64,68.7,6,6,C,Pass,66.35
S0123,Male,20,Grade 10,78,10.7,High School,No,40.1,73.1,9,5,C,Pass,56.6
S0124,Male,16,Grade 9,84.6,10.6,High School,No,39.2,67.7,8,4,C,Pass,53.45
S0125,Male,16,Grade 9,100,19.8,Postgraduate,Yes,78.8,78.1,10,5,B,Pass,78.45
S0126,Male,20,Grade 11,77.6,14.7,High School,No,74,77.4,6,6,B,Pass,75.7
S0127,Female,15,Grade 9,67.9,11.1,Postgraduate,No,76.6,93.4,4,4,A,Pass,85
S0128,Female,17,Grade 12,98.8,13.1,Graduate,No,72,70.7,6,7,C,Pass,71.35
S0129,Male,14,Grade 9,96.4,9.9,High School,Yes,73.2,88.7,9,4,B,Pass,80.95
S0130,Female,19,Grade 9,80.4,14.7,Graduate,No,84.5,84.9,10,7,B,Pass,84.7
S0131,Male,14,Grade 12,83.9,19.2,Graduate,Yes,76.7,100,7,4,A,Pass,88.35
S0132,Male,20,Grade 10,72.8,14.9,High School,Yes,85.6,70.2,10,10,C,Pass,77.9
S0133,Male,17,Grade 10,85.9,26.8,Postgraduate,Yes,72.6,66.1,4,6,C,Pass,69.35
S0134,Male,19,Grade 12,96.7,17.1,Graduate,Yes,65.5,89.6,6,6,B,Pass,77.55
S0135,Female,20,Grade 11,79.6,16.1,High School,No,72.9,77.4,6,4,B,Pass,75.15
S0136,Male,15,Grade 9,93.8,10.5,Graduate,Yes,57.5,89.9,5,10,B,Pass,73.7
S0137,Female,16,Grade 12,89.6,13.8,Postgraduate,Yes,64.3,82,8,5,B,Pass,73.15
S0138,Female,14,Grade 9,90.8,11.1,High School,No,72.7,42.5,4,6,F,Fail,57.6
S0139,Male,18,Grade 11,80.2,4.2,Postgraduate,Yes,72.5,77.3,5,7,B,Pass,74.9
S0140,Other,18,Grade 9,81.5,19.9,High School,Yes,68.4,76.4,10,7,B,Pass,72.4
S0141,Other,17,Grade 12,66.5,12.4,Graduate,Yes,49.2,73.9,7,8,C,Pass,61.55
S0142,Male,15,Grade 9,79.3,11.2,Graduate,Yes,79.5,70.1,8,9,C,Pass,74.8
S0143,Female,14,Grade 10,96.6,16.1,High School,Yes,82.5,49.7,4,10,D,Pass,66.1
S0144,Male,15,Grade 11,75.7,17.6,High School,No,94.7,84.2,6,9,B,Pass,89.45
S0145,Male,14,Grade 11,77.2,13.4,Graduate,Yes,76.6,77.2,10,9,B,Pass,76.9
S0146,Male,17,Grade 11,91.4,15,Graduate,Yes,70,87.4,4,7,B,Pass,78.7
S0147,Female,17,Grade 12,89,18.7,Graduate,No,54.8,50.5,6,8,D,Pass,52.65
S0148,Female,18,Grade 11,91.9,13.2,High School,No,92.4,79.1,8,9,B,Pass,85.75
S0149,Male,15,Grade 10,73.4,16.5,Postgraduate,Yes,73.7,68.7,6,9,C,Pass,71.2
S0150,Male,19,Grade 12,100,6.7,Graduate,No,72.9,74,7,4,C,Pass,73.45
S0151,Female,18,Grade 10,72.8,8.8,Postgraduate,Yes,66.2,68.9,10,4,C,Pass,67.55
S0152,Male,15,Grade 9,86.5,18,High School,No,65.2,79.6,9,4,B,Pass,72.4
S0153,Male,18,Grade 9,83.4,8.5,Graduate,No,80.3,69.7,6,5,C,Pass,75
S0154,Female,19,Grade 9,73.1,16.2,Graduate,Yes,54.7,57.3,7,9,D,Pass,56
S0155,Other,16,Grade 9,81.3,14.3,High School,No,94.4,73.2,9,5,C,Pass,83.8
S0156,Male,16,Grade 10,85.2,13.2,Graduate,Yes,91.1,69,10,8,C,Pass,80.05
S0157,Female,16,Grade 12,78.5,10.9,High School,No,64.7,70.8,8,10,C,Pass,67.75
S0158,Female,16,Grade 12,94.4,19.5,Graduate,Yes,57,27.4,8,7,F,Fail,42.2
S0159,Male,20,Grade 11,83.4,23.6,Graduate,No,39.8,81.6,10,9,B,Pass,60.7
S0160,Female,14,Grade 10,71.6,16.5,High School,No,51.2,67.6,10,7,C,Pass,59.4
S0161,Male,20,Grade 9,70.7,16.6,Graduate,No,80.9,53.1,4,10,D,Pass,67
S0162,Female,20,Grade 10,91.1,11.6,Graduate,Yes,74.7,84.9,7,4,B,Pass,79.8
S0163,Female,20,Grade 11,70.1,9,High School,No,77.4,80.9,7,9,B,Pass,79.15
S0164,Female,16,Grade 11,88.2,14.8,Postgraduate,No,42.3,67.4,10,6,C,Pass,54.85
S0165,Male,19,Grade 10,89.4,10.1,Postgraduate,No,64.1,55.9,5,5,D,Pass,60
S0166,Female,17,Grade 10,75,6.1,Graduate,No,90.5,74.5,5,5,C,Pass,82.5
S0167,Male,17,Grade 10,93.9,19,High School,No,68.6,73.7,9,9,C,Pass,71.15
S0168,Male,14,Grade 12,67.8,19.3,Graduate,Yes,50.9,84.9,9,10,B,Pass,67.9
S0169,Male,16,Grade 9,88,10.7,Graduate,Yes,68.3,65.8,5,4,C,Pass,67.05
S0170,Female,16,Grade 10,84.6,16.2,High School,No,58.4,88.7,10,5,B,Pass,73.55
S0171,Female,16,Grade 10,83.8,20,Graduate,Yes,75,64.4,10,4,C,Pass,69.7
S0172,Male,18,Grade 10,73.2,16,Graduate,No,70.3,53.2,9,8,D,Pass,61.75
S0173,Female,15,Grade 11,75.6,9,Graduate,No,78.1,56.1,6,7,D,Pass,67.1
S0174,Male,18,Grade 11,100,13.8,Graduate,No,51.7,71.1,10,10,C,Pass,61.4
S0175,Female,15,Grade 12,97.2,21.6,Graduate,Yes,63.3,71.1,5,6,C,Pass,67.2
S0176,Male,16,Grade 9,92.4,16.2,Postgraduate,No,86.4,76.6,7,7,B,Pass,81.5
S0177,Female,16,Grade 12,94.4,17.7,High School,No,49.7,70.7,10,7,C,Pass,60.2
S0178,Male,18,Grade 9,93.5,16.7,Graduate,No,55,85.7,10,8,B,Pass,70.35
S0179,Female,18,Grade 11,81.8,10.7,Postgraduate,No,73,68.3,6,5,C,Pass,70.65
S0180,Male,15,Grade 11,85.5,11.9,Graduate,Yes,74.3,44.1,9,6,F,Fail,59.2
S0181,Male,17,Grade 11,70.3,16.7,Graduate,No,62.7,70.3,10,5,C,Pass,66.5
S0182,Male,15,Grade 12,84.1,19.1,Graduate,No,65.8,43.9,8,9,F,Fail,54.85
S0183,Female,18,Grade 10,96.8,20.5,Graduate,Yes,78,75.8,4,7,B,Pass,76.9
S0184,Female,19,Grade 10,78.4,10.7,Postgraduate,Yes,82.7,86.8,5,9,B,Pass,84.75
S0185,Male,18,Grade 11,95.2,17.2,Graduate,No,54,58.2,8,4,D,Pass,56.1
S0186,Female,19,Grade 10,85.9,20.9,Postgraduate,No,75.5,91.9,9,7,A,Pass,83.7
S0187,Female,14,Grade 10,71.1,10.1,High School,No,92.7,83.8,7,5,B,Pass,88.25
S0188,Female,18,Grade 12,73.9,22.4,High School,No,68.3,88.9,4,7,B,Pass,78.6
S0189,Female,14,Grade 9,94.2,23.2,Graduate,Yes,53.8,74.7,8,4,C,Pass,64.25
S0190,Male,17,Grade 11,90.5,28.1,High School,Yes,53.1,58.1,4,8,D,Pass,55.6
S0191,Male,15,Grade 11,86,16.2,High School,Yes,67.6,82.9,5,9,B,Pass,75.25
S0192,Female,19,Grade 12,82.3,16.2,High School,Yes,85.5,63.3,9,9,C,Pass,74.4
S0193,Female,15,Grade 12,87.1,19.1,High School,Yes,69.4,73.7,10,5,C,Pass,71.55
S0194,Female,14,Grade 10,93.8,19,High School,Yes,72.8,69.6,7,7,C,Pass,71.2
S0195,Male,19,Grade 11,99.8,20.6,Postgraduate,Yes,55.1,87.7,9,5,B,Pass,71.4
S0196,Male,15,Grade 9,100,18.9,High School,No,84.7,82.2,4,8,B,Pass,83.45
S0197,Female,18,Grade 12,88.7,14.5,Graduate,Yes,52.8,70.9,8,7,C,Pass,61.85
S0198,Female,16,Grade 9,83.3,21.1,Graduate,No,62.4,44.7,5,7,F,Fail,53.55
S0199,Female,14,Grade 9,86.5,9.6,Postgraduate,No,79.4,63.1,5,5,C,Pass,71.25
S0200,Female,15,Grade 11,90.2,15,High School,Yes,39.4,81.9,9,5,B,Pass,60.65
S0201,Female,14,Grade 11,90.2,22.8,Postgraduate,Yes,72.6,75.9,10,4,B,Pass,74.25
S0202,Male,20,Grade 12,98.1,8.7,Graduate,Yes,54.4,51,8,10,D,Pass,52.7
S0203,Male,14,Grade 11,100,11.6,Graduate,Yes,70.2,46.7,10,10,D,Pass,58.45
S0204,Female,19,Grade 11,82.9,18.4,Graduate,No,64.7,74.7,10,8,C,Pass,69.7
S0205,Female,20,Grade 11,100,17,Postgraduate,Yes,100,57.2,8,10,D,Pass,78.6
S0206,Male,19,Grade 9,96.7,10.6,High School,Yes,64.1,58.5,4,4,D,Pass,61.3
S0207,Male,16,Grade 12,84,12.9,Graduate,Yes,97.6,81.4,9,9,B,Pass,89.5
S0208,Female,20,Grade 10,100,9.1,Graduate,No,78.8,88.8,9,7,B,Pass,83.8
S0209,Male,18,Grade 9,100,19.9,Graduate,No,58,61.5,6,5,C,Pass,59.75
S0210,Male,14,Grade 11,80.4,13.7,Postgraduate,No,75,71.4,9,7,C,Pass,73.2
S0211,Female,15,Grade 9,100,24,High School,Yes,65.4,71,5,7,C,Pass,68.2
S0212,Female,17,Grade 11,95.8,15.4,Postgraduate,No,73.6,69.7,4,6,C,Pass,71.65
S0213,Female,14,Grade 11,100,13.9,High School,No,59.3,72.6,8,9,C,Pass,65.95
S0214,Male,14,Grade 9,80.8,13.4,High School,No,95.4,82.6,9,6,B,Pass,89
S0215,Female,16,Grade 12,81.5,13.8,High School,No,83.9,62.6,4,10,C,Pass,73.25
S0216,Male,18,Grade 11,64.7,15.6,High School,Yes,70.5,50.6,9,7,D,Pass,60.55
S0217,Male,17,Grade 12,90.7,27.6,Graduate,No,95.9,95.7,8,5,A,Pass,95.8
S0218,Female,20,Grade 10,88.8,13.3,High School,No,71.1,87.3,7,7,B,Pass,79.2
S0219,Female,20,Grade 11,79.4,13.5,High School,Yes,86.5,56.5,8,9,D,Pass,71.5
S0220,Female,20,Grade 12,84.2,15.3,Postgraduate,No,70.6,73.9,8,6,C,Pass,72.25
S0221,Female,19,Grade 12,71.9,20.5,Postgraduate,No,75.9,86.1,8,5,B,Pass,81
S0222,Female,19,Grade 10,97,7.9,Postgraduate,Yes,68.8,82.5,9,7,B,Pass,75.65
S0223,Male,15,Grade 12,80.1,17.3,Postgraduate,No,71.4,78.5,6,8,B,Pass,74.95
S0224,Male,17,Grade 12,100,10.9,Graduate,No,72.6,69.6,8,9,C,Pass,71.1
S0225,Male,20,Grade 10,83.2,17.8,High School,No,60,96.2,5,9,A,Pass,78.1
S0226,Male,19,Grade 11,77.4,12.5,High School,Yes,64,75.1,5,8,B,Pass,69.55
S0227,Other,15,Grade 12,80.9,3.5,Graduate,No,66.7,64.8,4,7,C,Pass,65.75
S0228,Male,18,Grade 12,70.9,16.8,High School,Yes,73.4,84.2,6,9,B,Pass,78.8
S0229,Female,15,Grade 12,89.8,16.8,Graduate,No,69.5,73.3,4,5,C,Pass,71.4
S0230,Female,19,Grade 9,80.8,12.1,High School,Yes,87.6,76.9,5,7,B,Pass,82.25
S0231,Female,16,Grade 10,96.3,11.8,High School,No,82.7,74.8,10,7,C,Pass,78.75
S0232,Female,16,Grade 9,82.3,8.4,Graduate,No,67.1,79,5,6,B,Pass,73.05
S0233,Female,20,Grade 10,98.8,18.9,Graduate,No,90.7,58.3,7,9,D,Pass,74.5
S0234,Female,16,Grade 11,92.6,19.4,Graduate,No,98.1,51.7,8,9,D,Pass,74.9
S0235,Male,20,Grade 11,85.3,10.6,Graduate,No,39.3,92.1,10,8,A,Pass,65.7
S0236,Female,20,Grade 12,100,12.3,High School,No,84,75.5,5,6,B,Pass,79.75
S0237,Male,19,Grade 10,94.5,14.7,High School,Yes,59.6,82.8,9,10,B,Pass,71.2
S0238,Male,16,Grade 11,100,26.4,Postgraduate,No,82,47.4,9,6,D,Pass,64.7
S0239,Female,20,Grade 10,80.9,17.7,Graduate,Yes,88.6,86.9,4,9,B,Pass,87.75
S0240,Male,17,Grade 11,85.8,10.3,High School,No,56.8,64.7,10,7,C,Pass,60.75
S0241,Female,18,Grade 9,100,16.5,Postgraduate,Yes,42.2,60.7,4,6,C,Pass,51.45
S0242,Female,15,Grade 11,69.6,8.1,High School,Yes,82.5,71.1,8,8,C,Pass,76.8
S0243,Female,15,Grade 9,98.2,18.6,Graduate,No,72,58.3,8,6,D,Pass,65.15
S0244,Male,19,Grade 11,89.4,23.4,High School,No,45,72,7,8,C,Pass,58.5
S0245,Male,16,Grade 12,76.1,23.4,Graduate,Yes,100,70.1,6,10,C,Pass,85.05
S0246,Female,16,Grade 9,71.4,18.7,Graduate,No,79.4,86.8,4,6,B,Pass,83.1
S0247,Male,20,Grade 11,78.3,12.1,High School,No,80.1,93.2,8,8,A,Pass,86.65
S0248,Other,14,Grade 12,62.2,8.5,Postgraduate,No,90.5,92.7,4,6,A,Pass,91.6
S0249,Other,20,Grade 9,80.1,8,Graduate,Yes,61.3,40.3,8,10,F,Fail,50.8
S0250,Female,18,Grade 12,91.2,1,High School,No,72,58.9,5,6,D,Pass,65.45
S0251,Male,17,Grade 10,80.2,18.5,High School,No,50.2,40.2,4,5,F,Fail,45.2
S0252,Male,15,Grade 10,98.9,14.5,High School,No,60.9,55.3,5,8,D,Pass,58.1
S0253,Female,20,Grade 9,100,19.5,High School,No,75.8,62.9,4,10,C,Pass,69.35
S0254,Male,14,Grade 11,97.8,22.1,Graduate,No,45,77.7,6,8,B,Pass,61.35
S0255,Male,14,Grade 9,87.3,15.5,Postgraduate,Yes,60.5,64.7,7,8,C,Pass,62.6
S0256,Female,20,Grade 12,61.8,15.7,Graduate,Yes,56.1,65.1,9,4,C,Pass,60.6
S0257,Female,19,Grade 11,78,12.7,High School,Yes,72.1,74.5,9,10,C,Pass,73.3
S0258,Female,15,Grade 10,83.6,13.3,High School,Yes,78.6,48.1,9,6,D,Pass,63.35
S0259,Female,19,Grade 11,76.1,18.6,High School,Yes,81.1,60.3,5,8,C,Pass,70.7
S0260,Male,17,Grade 10,83.6,14.1,Graduate,No,85,65,10,9,C,Pass,75
S0261,Female,14,Grade 11,100,13.4,Graduate,Yes,90.6,69.2,8,4,C,Pass,79.9
S0262,Other,14,Grade 11,68.5,14.9,High School,No,79.1,73.1,9,5,C,Pass,76.1
S0263,Male,18,Grade 11,100,19.4,Graduate,Yes,98.3,93,6,8,A,Pass,95.65
S0264,Female,17,Grade 12,93.8,11.5,Postgraduate,No,71.8,84.7,9,8,B,Pass,78.25
S0265,Female,14,Grade 12,87.7,14.7,Graduate,No,67.4,61.2,4,4,C,Pass,64.3
S0266,Female,17,Grade 9,77.9,16.2,Postgraduate,Yes,79.1,68.3,5,6,C,Pass,73.7
S0267,Female,15,Grade 9,76.3,20.8,Graduate,Yes,66.8,67.4,10,9,C,Pass,67.1
S0268,Female,16,Grade 10,68.7,13.8,Graduate,No,97.8,64.8,4,5,C,Pass,81.3
S0269,Male,14,Grade 12,100,11.4,Graduate,Yes,87,75.8,10,8,B,Pass,81.4
S0270,Male,18,Grade 10,100,12.6,Graduate,No,81.3,46,4,6,D,Pass,63.65
S0271,Female,15,Grade 9,70.9,20.3,High School,No,72,84.3,4,10,B,Pass,78.15
S0272,Female,20,Grade 10,79.5,25.2,High School,No,63.9,95.7,7,9,A,Pass,79.8
S0273,Female,17,Grade 9,89.3,8.4,High School,Yes,80.5,68.2,7,10,C,Pass,74.35
S0274,Female,20,Grade 12,82,9.5,Graduate,No,53.1,67.9,8,9,C,Pass,60.5
S0275,Female,19,Grade 11,65.8,14.2,High School,No,93,74.2,5,5,C,Pass,83.6
S0276,Female,15,Grade 12,78.4,15.6,Postgraduate,No,67.3,86.3,6,7,B,Pass,76.8
S0277,Female,20,Grade 10,100,18.9,Graduate,Yes,74.6,67.5,6,9,C,Pass,71.05
S0278,Female,14,Grade 10,79.1,10.5,Graduate,No,56.4,85.1,6,7,B,Pass,70.75
S0279,Female,17,Grade 12,83.4,9.7,High School,No,80.8,78.8,4,10,B,Pass,79.8
S0280,Female,16,Grade 12,73.5,15.7,Postgraduate,No,63.2,100,7,9,A,Pass,81.6
S0281,Female,15,Grade 9,90.9,13.7,Postgraduate,Yes,79.7,67.4,5,5,C,Pass,73.55
S0282,Male,14,Grade 10,86.2,19.6,Graduate,No,81.4,44.3,4,4,F,Fail,62.85
S0283,Male,18,Grade 10,77.6,17.4,High School,Yes,60.3,51.9,10,5,D,Pass,56.1
S0284,Male,19,Grade 12,72,17.8,Graduate,No,53.1,72.2,7,5,C,Pass,62.65
S0285,Female,17,Grade 11,99,14.5,High School,No,93,86.4,7,4,B,Pass,89.7
S0286,Male,15,Grade 10,68.9,26.8,High School,No,67.1,62.9,9,4,C,Pass,65
S0287,Male,15,Grade 11,90,10.8,Graduate,No,73.4,68.8,9,6,C,Pass,71.1
S0288,Female,16,Grade 12,63.5,18.1,Graduate,Yes,77.3,81.6,5,9,B,Pass,79.45
S0289,Male,16,Grade 12,92.1,8.7,Graduate,No,51.2,58.5,10,10,D,Pass,54.85
S0290,Female,18,Grade 9,94.7,9.6,Postgraduate,Yes,76.9,63.4,5,6,C,Pass,70.15
S0291,Male,19,Grade 10,95.9,12,Graduate,No,71.5,55.7,5,4,D,Pass,63.6
S0292,Male,18,Grade 11,83.4,23.1,Graduate,No,60.3,88.5,4,7,B,Pass,74.4
S0293,Female,14,Grade 9,100,16.3,High School,No,52.7,93.6,8,10,A,Pass,73.15
S0294,Male,14,Grade 10,100,12,Postgraduate,Yes,79.1,49.9,5,7,D,Pass,64.5
S0295,Male,18,Grade 9,81.8,16.9,High School,No,86.9,70,9,5,C,Pass,78.45
S0296,Female,19,Grade 12,80.5,15.2,Postgraduate,No,72.7,91.7,8,8,A,Pass,82.2
S0297,Female,18,Grade 10,86.5,12.5,Postgraduate,Yes,48.5,77.6,4,5,B,Pass,63.05
S0298,Male,19,Grade 9,80.2,8,High School,No,54.1,65.2,8,5,C,Pass,59.65
S0299,Female,19,Grade 9,78.8,22.2,Graduate,Yes,63.5,50.4,6,8,D,Pass,56.95
S0300,Male,20,Grade 11,79.6,16,Postgraduate,Yes,93.5,88.1,10,9,B,Pass,90.8
S0301,Male,17,Grade 9,100,25.9,Graduate,Yes,66.3,77,8,4,B,Pass,71.65
S0302,Female,19,Grade 10,92.7,19.7,Postgraduate,Yes,63,51.4,5,7,D,Pass,57.2
S0303,Female,16,Grade 10,80.2,17.8,Postgraduate,No,44.9,88.7,4,5,B,Pass,66.8
S0304,Female,19,Grade 11,60.4,12.8,Graduate,Yes,60.1,49.6,10,8,D,Pass,54.85
S0305,Female,19,Grade 10,69.6,9.5,High School,Yes,51.5,68.9,5,6,C,Pass,60.2
S0306,Other,19,Grade 12,90,13.9,Postgraduate,Yes,55,68.3,10,5,C,Pass,61.65
S0307,Female,20,Grade 10,63.8,9.4,Graduate,No,71.8,94.7,9,7,A,Pass,83.25
S0308,Male,20,Grade 10,87.9,18.3,High School,No,64,68.3,6,4,C,Pass,66.15
S0309,Female,14,Grade 9,74.3,23.2,High School,Yes,95.5,68.3,9,5,C,Pass,81.9
S0310,Male,20,Grade 9,85.9,13.7,Graduate,Yes,86.2,52.9,5,5,D,Pass,69.55
S0311,Male,16,Grade 10,85.6,19.7,Postgraduate,No,60.9,63,5,9,C,Pass,61.95
S0312,Male,16,Grade 11,86.2,11.6,Postgraduate,Yes,56.2,60.6,5,8,C,Pass,58.4
S0313,Male,20,Grade 9,81.1,13.5,Graduate,No,90.7,61.3,7,6,C,Pass,76
S0314,Other,18,Grade 11,80.7,10.9,High School,Yes,94.9,72.1,6,6,C,Pass,83.5
S0315,Female,17,Grade 10,77.8,4.3,High School,No,37.1,37.9,10,10,F,Fail,37.5
S0316,Female,20,Grade 10,89.8,14.8,Postgraduate,Yes,71.4,50.9,5,4,D,Pass,61.15
S0317,Male,19,Grade 12,93.1,15.6,High School,No,66.2,70.4,5,10,C,Pass,68.3
S0318,Male,15,Grade 9,72.8,20.3,High School,Yes,79.7,73.7,10,7,C,Pass,76.7
S0319,Male,17,Grade 10,84.5,19,High School,No,99.1,68.7,9,4,C,Pass,83.9
S0320,Male,17,Grade 12,87,19,Graduate,Yes,62.7,71.4,9,5,C,Pass,67.05
S0321,Female,16,Grade 9,86.8,10.1,Postgraduate,No,39.1,66.3,5,5,C,Pass,52.7
S0322,Female,17,Grade 10,86.7,17.3,High School,Yes,78.7,71.7,4,6,C,Pass,75.2
S0323,Female,20,Grade 10,81,22.9,Graduate,Yes,90.8,78.1,7,7,B,Pass,84.45
S0324,Male,19,Grade 9,87.8,16.9,Graduate,No,65.4,78,9,8,B,Pass,71.7
S0325,Female,19,Grade 9,91.2,24.1,Postgraduate,Yes,59.4,62.4,4,7,C,Pass,60.9
S0326,Female,14,Grade 9,86.4,25.1,High School,No,63.4,84.8,7,5,B,Pass,74.1
S0327,Female,19,Grade 10,90.1,13.7,Graduate,No,82.8,74.2,5,8,C,Pass,78.5
S0328,Female,19,Grade 10,94.9,11.5,High School,No,63.2,89.3,6,7,B,Pass,76.25
S0329,Male,16,Grade 12,66.5,11.2,Postgraduate,Yes,74.9,92.1,8,7,A,Pass,83.5
S0330,Male,19,Grade 11,94.4,7.4,Graduate,No,70.4,51.8,8,8,D,Pass,61.1
S0331,Male,14,Grade 9,88.4,12.4,High School,Yes,68.9,60,5,5,C,Pass,64.45
S0332,Female,15,Grade 10,73.9,21,Graduate,No,80.5,83.4,9,7,B,Pass,81.95
S0333,Male,20,Grade 10,93,4,Graduate,No,62.8,48.7,4,8,D,Pass,55.75
S0334,Male,16,Grade 9,81,9.8,High School,No,63.5,91.9,6,9,A,Pass,77.7
S0335,Male,15,Grade 11,82.4,14.4,Postgraduate,No,82,67.2,10,9,C,Pass,74.6
S0336,Male,16,Grade 9,79.9,10.6,High School,No,55.2,80.1,7,5,B,Pass,67.65
S0337,Female,18,Grade 11,88,12.4,Graduate,Yes,56.8,70.4,5,8,C,Pass,63.6
S0338,Female,17,Grade 10,77.1,12.4,Graduate,No,51.1,52.5,6,9,D,Pass,51.8
S0339,Male,18,Grade 11,94,13.7,Graduate,Yes,82.7,86.8,6,8,B,Pass,84.75
S0340,Male,19,Grade 12,83.6,11.4,High School,No,68.4,100,9,7,A,Pass,84.2
S0341,Female,15,Grade 10,81.4,10.9,Postgraduate,No,50.3,64.8,7,5,C,Pass,57.55
S0342,Male,19,Grade 12,92.5,19.7,Graduate,No,82.8,67.5,6,9,C,Pass,75.15
S0343,Male,17,Grade 9,81.8,20.2,Graduate,Yes,61.7,34.9,9,10,F,Fail,48.3
S0344,Male,16,Grade 9,94.5,8.1,Graduate,No,56.9,90.9,4,7,A,Pass,73.9
S0345,Male,17,Grade 9,94.8,1.2,Graduate,Yes,67.1,84.8,9,10,B,Pass,75.95
S0346,Female,14,Grade 11,71.7,20.3,High School,No,92.2,47.7,4,10,D,Pass,69.95
S0347,Female,17,Grade 10,96.1,8.9,High School,Yes,64.1,43.1,4,4,F,Fail,53.6
S0348,Male,14,Grade 9,70.4,16.1,Postgraduate,Yes,78.6,44.7,10,4,F,Fail,61.65
S0349,Male,17,Grade 9,96.7,7.2,High School,Yes,80.9,81,10,5,B,Pass,80.95
S0350,Female,20,Grade 10,100,21.5,Graduate,No,76.6,82.4,6,9,B,Pass,79.5
S0351,Female,14,Grade 9,93.7,27.7,Postgraduate,Yes,89.1,59.1,9,9,D,Pass,74.1
S0352,Female,15,Grade 12,63.4,15.9,High School,Yes,59.4,79,10,9,B,Pass,69.2
S0353,Female,19,Grade 10,95.6,14.5,Graduate,No,54.3,74.2,4,8,C,Pass,64.25
S0354,Male,19,Grade 10,100,13.4,Graduate,Yes,54.1,66.9,10,7,C,Pass,60.5
S0355,Male,18,Grade 10,82,18.9,Graduate,No,67.8,85.6,7,9,B,Pass,76.7
S0356,Female,19,Grade 12,84.7,17.8,High School,No,55.8,55.1,6,7,D,Pass,55.45
S0357,Male,16,Grade 10,73.1,20,High School,No,72.2,88.1,9,5,B,Pass,80.15
S0358,Female,20,Grade 12,88.1,11.9,Graduate,No,71.2,61.8,9,10,C,Pass,66.5
S0359,Female,17,Grade 10,97.7,16.7,Postgraduate,No,85.3,96.9,8,9,A,Pass,91.1
S0360,Female,18,Grade 11,92,12.3,Graduate,No,74.4,57.9,9,5,D,Pass,66.15
S0361,Male,16,Grade 9,100,9.7,Graduate,Yes,63.8,67.1,6,9,C,Pass,65.45
S0362,Female,16,Grade 11,85.3,14.8,High School,No,76.2,72.8,7,4,C,Pass,74.5
S0363,Male,14,Grade 9,68.7,10.4,Graduate,Yes,54.5,72.7,9,6,C,Pass,63.6
S0364,Female,19,Grade 12,86.7,20.9,High School,No,69.4,78.9,8,5,B,Pass,74.15
S0365,Female,15,Grade 11,60.8,10.7,Postgraduate,Yes,74.8,54,6,9,D,Pass,64.4
S0366,Male,15,Grade 10,79.7,16.8,Postgraduate,No,71.9,71.5,4,6,C,Pass,71.7
S0367,Other,18,Grade 9,100,12,Graduate,Yes,76.2,73.9,5,5,C,Pass,75.05
S0368,Female,20,Grade 9,88.3,16.4,Postgraduate,No,60.3,64.6,5,8,C,Pass,62.45
S0369,Male,15,Grade 11,86.8,12.4,High School,Yes,87.3,77.7,4,9,B,Pass,82.5
S0370,Male,17,Grade 12,100,8.7,Graduate,No,97.3,53.2,10,8,D,Pass,75.25
S0371,Male,15,Grade 11,82.3,17.4,High School,No,46,67.4,9,4,C,Pass,56.7
S0372,Male,18,Grade 12,97.6,13.8,Postgraduate,Yes,51.8,61.5,5,9,C,Pass,56.65
S0373,Male,15,Grade 12,86.3,16.4,High School,No,70.6,67.5,10,10,C,Pass,69.05
S0374,Female,17,Grade 9,88.8,12.9,Graduate,No,66.2,92.3,5,4,A,Pass,79.25
S0375,Male,14,Grade 11,72.8,8.4,Postgraduate,No,98.4,92.5,4,6,A,Pass,95.45
S0376,Male,20,Grade 11,80.2,20.4,High School,Yes,73.3,89.8,9,5,B,Pass,81.55
S0377,Female,18,Grade 12,71,18.7,High School,Yes,90.9,65.5,9,7,C,Pass,78.2
S0378,Male,14,Grade 11,84,12.2,Graduate,Yes,39.3,84.7,10,4,B,Pass,62
S0379,Female,14,Grade 10,88.9,15.3,Graduate,Yes,82.2,73.6,4,7,C,Pass,77.9
S0380,Male,14,Grade 10,73.9,20.2,High School,No,59.3,72.6,10,7,C,Pass,65.95
S0381,Male,16,Grade 11,100,12.7,High School,Yes,59,70.9,9,5,C,Pass,64.95
S0382,Female,20,Grade 11,87.8,13.5,High School,No,66.3,96.6,9,6,A,Pass,81.45
S0383,Female,19,Grade 12,85.6,16.2,Postgraduate,Yes,48.6,91.1,6,5,A,Pass,69.85
S0384,Female,20,Grade 10,92.7,12.7,Graduate,No,76.6,82.4,10,9,B,Pass,79.5
S0385,Female,16,Grade 10,76.7,19.3,High School,No,72.9,69.6,6,4,C,Pass,71.25
S0386,Female,19,Grade 9,86.6,14.2,High School,No,74,72.6,4,7,C,Pass,73.3
S0387,Male,20,Grade 12,77.8,11.1,High School,Yes,83.3,79.4,7,5,B,Pass,81.35
S0388,Male,14,Grade 9,100,18,High School,No,92.7,64.7,5,5,C,Pass,78.7
S0389,Female,18,Grade 10,74.4,9.3,Graduate,Yes,64.5,85.1,6,5,B,Pass,74.8
S0390,Female,19,Grade 12,85.6,25.1,High School,Yes,77.2,59.1,5,4,D,Pass,68.15
S0391,Other,17,Grade 11,88.3,22.9,High School,Yes,74.4,77.5,8,6,B,Pass,75.95
S0392,Male,17,Grade 12,88.9,17.6,Graduate,No,75.7,39.9,4,10,F,Fail,57.8
S0393,Male,15,Grade 11,79.2,17.1,High School,Yes,75.9,64.3,7,5,C,Pass,70.1
S0394,Female,19,Grade 11,76,16.9,Graduate,No,93.9,100,8,4,A,Pass,96.95
S0395,Male,18,Grade 12,79.3,12.6,Graduate,Yes,63.1,86.5,8,7,B,Pass,74.8
S0396,Female,16,Grade 11,90.3,16.5,Graduate,No,47.1,93.5,9,9,A,Pass,70.3
S0397,Female,14,Grade 9,83.6,10.4,Graduate,Yes,59.5,62.7,8,10,C,Pass,61.1
S0398,Male,15,Grade 10,93,17.5,Graduate,No,81.4,73.5,4,8,C,Pass,77.45
S0399,Female,17,Grade 11,89.8,19.3,Postgraduate,No,70.3,89.9,6,10,B,Pass,80.1
S0400,Female,16,Grade 9,62.2,13.1,Graduate,No,63,80.9,4,10,B,Pass,71.95
S0401,Male,16,Grade 11,87.5,12,Graduate,No,53.9,79.1,6,4,B,Pass,66.5
S0402,Female,14,Grade 10,100,8.9,Postgraduate,Yes,73.3,94.8,8,8,A,Pass,84.05
S0403,Female,19,Grade 9,98.3,22.3,Graduate,No,79.7,57.4,8,5,D,Pass,68.55
S0404,Female,17,Grade 10,89.2,12.4,High School,Yes,74.6,69.4,7,5,C,Pass,72
S0405,Male,18,Grade 10,74.4,14,High School,Yes,66.2,47.4,6,10,D,Pass,56.8
S0406,Female,16,Grade 9,89.8,16.5,High School,No,72.2,56.7,8,4,D,Pass,64.45
S0407,Male,14,Grade 9,92.4,16.4,Postgraduate,No,72.1,87,9,8,B,Pass,79.55
S0408,Male,18,Grade 9,82.5,18.7,Graduate,Yes,72.8,59.2,5,5,D,Pass,66
S0409,Female,19,Grade 12,88.2,13.1,Postgraduate,No,52.2,82.3,7,7,B,Pass,67.25
S0410,Male,17,Grade 9,100,9.3,Graduate,No,73,95.2,4,6,A,Pass,84.1
S0411,Male,19,Grade 9,76.4,8.4,Graduate,Yes,63.4,69.5,7,6,C,Pass,66.45
S0412,Female,16,Grade 9,74.4,12.1,High School,Yes,85.6,79.3,5,5,B,Pass,82.45
S0413,Female,18,Grade 9,91.9,10.2,Graduate,Yes,72,82.4,6,8,B,Pass,77.2
S0414,Female,18,Grade 11,89.6,13.5,Graduate,Yes,82.5,54.9,4,9,D,Pass,68.7
S0415,Female,18,Grade 12,95.3,21.5,Postgraduate,Yes,65.5,63.4,4,5,C,Pass,64.45
S0416,Male,16,Grade 10,90.7,13.1,High School,Yes,66,57.9,6,9,D,Pass,61.95
S0417,Male,16,Grade 9,79.3,13.1,Graduate,Yes,92.4,64.5,10,9,C,Pass,78.45
S0418,Male,19,Grade 11,89.3,14.9,Graduate,No,76.5,82,10,8,B,Pass,79.25
S0419,Female,15,Grade 11,73.6,13,Graduate,No,59.3,63.7,7,9,C,Pass,61.5
S0420,Female,19,Grade 11,82.5,14.7,Graduate,No,83.5,71.5,8,7,C,Pass,77.5
S0421,Female,17,Grade 10,90,17.7,Graduate,Yes,62,57.4,10,8,D,Pass,59.7
S0422,Female,14,Grade 9,81.4,19.4,High School,No,73.4,89.2,7,5,B,Pass,81.3
S0423,Male,18,Grade 12,100,20,Graduate,No,97.6,64.4,10,10,C,Pass,81
S0424,Female,15,Grade 12,66.1,25.3,Graduate,No,48.5,93.3,5,7,A,Pass,70.9
S0425,Male,14,Grade 11,79.5,17.8,Postgraduate,Yes,67.4,72.9,9,4,C,Pass,70.15
S0426,Female,15,Grade 10,75.6,26.2,Postgraduate,No,76.1,52.3,8,6,D,Pass,64.2
S0427,Male,20,Grade 10,78,11.1,High School,Yes,81.5,69.6,7,5,C,Pass,75.55
S0428,Female,19,Grade 10,78.6,25.5,High School,Yes,51.4,57.1,9,5,D,Pass,54.25
S0429,Male,16,Grade 12,71.7,13.1,Postgraduate,No,47,80.3,9,5,B,Pass,63.65
S0430,Male,18,Grade 11,92.5,13.6,Graduate,No,86.4,68.3,10,7,C,Pass,77.35
S0431,Male,19,Grade 9,79.5,14.4,Postgraduate,Yes,59.2,74.3,6,4,C,Pass,66.75
S0432,Female,14,Grade 12,86.6,13.9,High School,No,58.6,66.8,5,10,C,Pass,62.7
S0433,Female,20,Grade 11,80.7,15.4,Graduate,No,93.3,64.2,5,8,C,Pass,78.75
S0434,Male,20,Grade 11,78.1,12.1,Postgraduate,No,71,58.4,5,4,D,Pass,64.7
S0435,Male,20,Grade 9,100,19.1,Postgraduate,No,71.1,83.7,8,7,B,Pass,77.4
S0436,Female,14,Grade 9,94.2,12.2,High School,Yes,67.3,69.6,4,5,C,Pass,68.45
S0437,Male,14,Grade 9,66.3,18.3,Graduate,No,51.6,67.6,8,6,C,Pass,59.6
S0438,Female,14,Grade 10,65.3,22.6,Graduate,No,80.1,69.2,7,5,C,Pass,74.65
S0439,Female,14,Grade 9,95.4,13.2,High School,Yes,76.1,62.5,9,8,C,Pass,69.3
S0440,Male,20,Grade 11,79.8,19,Graduate,No,72.5,67.6,9,9,C,Pass,70.05
S0441,Male,20,Grade 9,68.5,17.8,Graduate,No,68.3,74.9,4,6,C,Pass,71.6
S0442,Other,15,Grade 11,95.5,26.3,Postgraduate,No,65.6,57.5,7,5,D,Pass,61.55
S0443,Male,19,Grade 12,86.7,12.5,Graduate,No,83.7,59.5,4,10,D,Pass,71.6
S0444,Male,18,Grade 10,87.5,19,High School,No,67.9,91.3,9,6,A,Pass,79.6
S0445,Female,16,Grade 12,93.1,6.9,High School,No,69,66.9,10,9,C,Pass,67.95
S0446,Female,20,Grade 12,71.9,12.5,Graduate,No,77.9,64.3,8,4,C,Pass,71.1
S0447,Other,16,Grade 11,68.7,16.8,High School,No,73.1,53.2,5,7,D,Pass,63.15
S0448,Female,19,Grade 12,100,22,Graduate,Yes,94.6,83.9,9,5,B,Pass,89.25
S0449,Male,19,Grade 11,70.6,8.9,High School,No,43.6,57.2,6,8,D,Pass,50.4
S0450,Male,16,Grade 9,72.8,18.9,Postgraduate,Yes,74.5,71.8,5,4,C,Pass,73.15
S0451,Female,20,Grade 9,74.8,14.7,Postgraduate,No,59.4,48.1,9,5,D,Pass,53.75
S0452,Female,16,Grade 11,100,7.4,Graduate,No,55.9,83.5,8,4,B,Pass,69.7
S0453,Male,15,Grade 9,89.9,15.9,Postgraduate,No,63.1,88.5,4,8,B,Pass,75.8
S0454,Female,17,Grade 10,94.7,23.5,Graduate,No,70.8,78.8,10,5,B,Pass,74.8
S0455,Male,20,Grade 12,87,9.4,Graduate,No,71.5,50.5,10,9,D,Pass,61
S0456,Female,20,Grade 10,79,14.5,High School,No,47.2,83.7,5,9,B,Pass,65.45
S0457,Male,18,Grade 12,91.3,10.1,Graduate,No,61.9,60.4,8,8,C,Pass,61.15
S0458,Male,14,Grade 9,69.4,12.7,Graduate,Yes,74.2,55.6,10,6,D,Pass,64.9
S0459,Male,17,Grade 10,74,22.2,Postgraduate,Yes,56.8,66.6,10,8,C,Pass,61.7
S0460,Male,19,Grade 9,92.3,13.6,Graduate,Yes,53.3,66.4,7,6,C,Pass,59.85
S0461,Male,20,Grade 12,71.4,22,Postgraduate,No,36.2,64.9,6,5,C,Pass,50.55
S0462,Female,16,Grade 11,83.1,20.5,Graduate,No,60.1,89.8,5,6,B,Pass,74.95
S0463,Female,17,Grade 11,83.6,13.2,High School,No,52.8,100,4,5,A,Pass,76.4
S0464,Female,18,Grade 10,79.7,12.5,Postgraduate,Yes,55.2,52.8,10,5,D,Pass,54
S0465,Other,19,Grade 9,65.5,10.5,Graduate,No,65.9,62.4,7,10,C,Pass,64.15
S0466,Male,14,Grade 9,78.7,10.3,High School,Yes,61,74,8,7,C,Pass,67.5
S0467,Male,14,Grade 10,76.8,16.8,Graduate,Yes,52.5,66.6,10,5,C,Pass,59.55
S0468,Female,18,Grade 11,86.6,14.9,High School,No,38.3,77.6,6,6,B,Pass,57.95
S0469,Male,18,Grade 12,86.1,11.9,Graduate,Yes,74.5,84.8,4,7,B,Pass,79.65
S0470,Other,16,Grade 10,88.8,7.3,Graduate,Yes,81.3,82.5,8,7,B,Pass,81.9
S0471,Male,20,Grade 12,78.2,15.5,Graduate,Yes,64,80.5,8,5,B,Pass,72.25
S0472,Other,14,Grade 11,90.2,12.7,Postgraduate,Yes,66,95.2,5,8,A,Pass,80.6
S0473,Male,19,Grade 9,69.4,14,Graduate,No,70,49.8,10,8,D,Pass,59.9
S0474,Female,17,Grade 11,66.8,16.5,High School,Yes,93.7,92.7,5,9,A,Pass,93.2
S0475,Female,19,Grade 10,61.6,2.5,Graduate,No,46.5,66.2,4,7,C,Pass,56.35
S0476,Other,15,Grade 9,80,7.3,Postgraduate,No,63.8,83,10,5,B,Pass,73.4
S0477,Male,15,Grade 10,77.5,26.5,High School,No,44.2,57.6,9,10,D,Pass,50.9
S0478,Female,18,Grade 10,92.9,12.5,High School,No,75.4,59.3,10,8,D,Pass,67.35
S0479,Other,16,Grade 11,78.5,2.4,High School,No,67.8,81.3,9,10,B,Pass,74.55
S0480,Female,15,Grade 10,87.7,7.8,High School,No,73,45,8,5,D,Pass,59
S0481,Female,14,Grade 11,93.1,27.4,Postgraduate,No,72.3,85.9,5,5,B,Pass,79.1
S0482,Female,19,Grade 9,78.1,11.5,Graduate,Yes,84.9,89.6,6,7,B,Pass,87.25
S0483,Male,19,Grade 11,88,20.8,High School,No,78.1,74.5,10,10,C,Pass,76.3
S0484,Female,18,Grade 9,95,15.6,Graduate,Yes,82.5,74,6,9,C,Pass,78.25
S0485,Female,20,Grade 11,72.6,12.6,High School,Yes,54,60.3,10,7,C,Pass,57.15
S0486,Female,20,Grade 12,85.2,18.9,Postgraduate,Yes,87.9,81.4,8,4,B,Pass,84.65
S0487,Male,17,Grade 12,78.2,3.1,Postgraduate,No,59.2,76.9,5,10,B,Pass,68.05
S0488,Male,18,Grade 10,73.3,7.8,High School,No,60,59.1,4,8,D,Pass,59.55
S0489,Female,17,Grade 11,69.6,12.5,Postgraduate,No,74.1,66.5,4,8,C,Pass,70.3
S0490,Female,20,Grade 11,73.1,8.3,Graduate,Yes,74.5,69.8,4,8,C,Pass,72.15
S0491,Male,18,Grade 9,85.6,12.1,High School,Yes,53.9,66.5,10,6,C,Pass,60.2
S0492,Female,18,Grade 10,68.9,19.3,High School,Yes,67.4,52.9,10,5,D,Pass,60.15
S0493,Male,18,Grade 11,79.5,15.7,Graduate,Yes,92.3,81.8,6,7,B,Pass,87.05
S0494,Male,20,Grade 10,93.1,21.7,Graduate,No,48,68.6,5,8,C,Pass,58.3
S0495,Male,17,Grade 12,89.5,16,Postgraduate,Yes,92.3,72.2,10,4,C,Pass,82.25
S0496,Male,17,Grade 11,79.7,20,Graduate,No,66.4,63.9,5,8,C,Pass,65.15
S0497,Female,18,Grade 11,100,14.7,Postgraduate,No,34.9,78.7,6,9,B,Pass,56.8
S0498,Male,15,Grade 10,100,12,Graduate,Yes,49.5,74.8,10,5,C,Pass,62.15
S0499,Other,16,Grade 11,85.3,22.4,Postgraduate,No,55.5,89,4,10,B,Pass,72.25
S0500,Other,20,Grade 10,60.3,11.5,Graduate,Yes,60.6,78.7,4,5,B,Pass,69.65
