Date,Platform,Account,PostID,PostType,Impressions,Reach,Likes,Comments,Shares,Saves,VideoViews,Clicks,CTR,Engagements,OrganicPaid,FollowersStart,FollowersEnd,HashtagsCount,PostingTime,DayOfWeek,Country,Campaign,Language
26-09-2025,Twitter,Brand_TW,P1305,Carousel,1335,1022,66,8,4,3,0,57,0.0427,81,Organic,10400,10400,6,10:00,Friday,USA,Evergreen,de
29-10-2025,Twitter,Brand_TW,P1496,Image,1968,1339,149,15,5,11,0,93,0.0473,180,Organic,10400,10400,8,19:45,Wednesday,Australia,Evergreen,en
17-10-2025,Facebook,Brand_FB,P1440,Carousel,3334,1728,225,40,47,26,0,130,0.039,338,Organic,10000,10001,5,13:00,Friday,Australia,Evergreen,de
28-08-2025,LinkedIn,Brand_LI,P1154,Image,725,508,77,17,4,1,0,16,0.0221,99,Organic,10600,10601,0,10:30,Thursday,USA,,es
29-10-2025,LinkedIn,Brand_LI,P1498,Video,997,511,146,14,9,8,606,32,0.0321,177,Organic,10600,10603,7,10:30,Wednesday,Australia,Evergreen,hi
24-08-2025,Twitter,Brand_TW,P1132,Carousel,570,525,67,6,6,7,0,2,0.0035,86,Organic,10400,10404,5,21:45,Sunday,USA,,de
07-09-2025,TikTok,Brand_TT,P1205,Video,365,196,27,3,4,1,262,13,0.0356,35,Organic,11000,10999,2,06:15,Sunday,Germany,Holiday Promo,de
30-10-2025,LinkedIn,Brand_LI,P1507,Link,143,122,16,2,1,0,0,2,0.014,19,Organic,10600,10603,6,08:00,Thursday,USA,Product Launch,pt
29-09-2025,Facebook,Brand_FB,P1326,Link,799,523,58,6,11,7,0,23,0.0288,82,Organic,10000,10001,8,11:30,Monday,UK,Holiday Promo,de
17-09-2025,Facebook,Brand_FB,P1248,Story,1906,1782,197,26,15,15,0,26,0.0136,253,Organic,10000,10000,8,18:00,Wednesday,India,,es
05-10-2025,YouTube,Brand_YT,P1362,Image,1044,740,149,9,14,20,875,20,0.0192,192,Organic,10800,10800,4,18:15,Sunday,Germany,,en
04-10-2025,Instagram,Brand_IG,P1353,Link,1497,853,81,18,8,4,0,24,0.016,111,Organic,10200,10198,3,08:30,Saturday,Germany,Product Launch,pt
24-09-2025,LinkedIn,Brand_LI,P1290,Link,775,722,30,5,14,4,0,28,0.0361,53,Organic,10600,10598,0,10:00,Wednesday,India,Brand Awareness,de
15-08-2025,Twitter,Brand_TW,P1085,Text,2269,1541,260,29,15,15,0,108,0.0476,319,Organic,10400,10394,7,08:00,Friday,India,Brand Awareness,pt
03-08-2025,TikTok,Brand_TT,P1011,Video,1373,722,184,44,3,18,341,52,0.0379,249,Organic,11000,11006,2,21:15,Sunday,UK,,de
29-09-2025,Facebook,Brand_FB,P1325,Carousel,287,149,9,0,1,0,0,12,0.0418,10,Organic,10000,9999,5,14:30,Monday,UK,,de
14-08-2025,LinkedIn,Brand_LI,P1079,Image,1210,1121,153,10,6,20,0,58,0.0479,189,Organic,10600,10613,5,13:15,Thursday,Brazil,Product Launch,en
06-08-2025,TikTok,Brand_TT,P1031,Link,2545,1513,310,53,18,29,0,87,0.0342,410,Organic,11000,11000,2,08:30,Wednesday,Brazil,,es
04-09-2025,Twitter,Brand_TW,P1185,Text,761,589,73,8,12,9,0,31,0.0407,102,Organic,10400,10405,4,08:15,Thursday,UK,Brand Awareness,hi
05-09-2025,Instagram,Brand_IG,P1196,Image,2291,1528,314,26,19,21,0,81,0.0354,380,Organic,10200,10197,1,09:00,Friday,USA,Evergreen,en
12-09-2025,YouTube,Brand_YT,P1223,Video,2485,1905,310,58,45,4,1715,117,0.0471,417,Organic,10800,10794,3,21:30,Friday,USA,Evergreen,en
08-09-2025,TikTok,Brand_TT,P1210,Link,1237,800,113,5,5,13,0,20,0.0162,136,Organic,11000,11006,7,17:45,Monday,USA,,hi
22-09-2025,Twitter,Brand_TW,P1282,Video,283,161,36,1,2,6,64,13,0.0459,45,Organic,10400,10404,4,21:30,Monday,India,Holiday Promo,de
08-09-2025,TikTok,Brand_TT,P1209,Story,950,611,121,19,3,16,0,4,0.0042,159,Organic,11000,11001,8,07:45,Monday,India,Evergreen,es
23-08-2025,Twitter,Brand_TW,P1125,Video,1007,786,100,6,13,12,610,10,0.0099,131,Organic,10400,10405,5,07:00,Saturday,India,Brand Awareness,de
17-09-2025,Instagram,Brand_IG,P1251,Carousel,1095,896,103,9,16,5,0,30,0.0274,133,Organic,10200,10201,5,22:30,Wednesday,USA,,hi
14-08-2025,Instagram,Brand_IG,P1077,Carousel,2739,1536,216,39,41,40,0,60,0.0219,336,Organic,10200,10195,2,19:00,Thursday,Germany,,pt
08-10-2025,TikTok,Brand_TT,P1381,Image,115,82,12,2,2,0,0,3,0.0261,16,Organic,11000,11004,8,17:15,Wednesday,Brazil,,pt
02-10-2025,Instagram,Brand_IG,P1343,Image,1556,1117,119,12,22,5,0,17,0.0109,158,Organic,10200,10203,7,14:15,Thursday,India,,hi
28-09-2025,TikTok,Brand_TT,P1324,Video,326,184,47,3,5,2,179,16,0.0491,57,Organic,11000,11000,8,16:45,Sunday,UK,Holiday Promo,de
16-09-2025,TikTok,Brand_TT,P1245,Link,1584,1294,88,18,16,11,0,12,0.0076,133,Organic,11000,11007,5,21:45,Tuesday,USA,Evergreen,de
30-09-2025,Twitter,Brand_TW,P1332,Carousel,1102,847,112,19,12,12,0,36,0.0327,155,Organic,10400,10401,5,21:15,Tuesday,India,Evergreen,es
26-08-2025,Instagram,Brand_IG,P1141,Link,2020,1662,66,13,2,7,0,94,0.0465,88,Organic,10200,10202,7,21:15,Tuesday,UK,Holiday Promo,es
03-08-2025,TikTok,Brand_TT,P1010,Story,820,597,37,4,3,7,0,37,0.0451,51,Paid,11000,11002,5,21:00,Sunday,India,Holiday Promo,es
14-08-2025,Facebook,Brand_FB,P1073,Image,1293,1175,80,10,6,12,0,56,0.0433,108,Organic,10000,9995,8,14:15,Thursday,UK,Evergreen,es
11-10-2025,Twitter,Brand_TW,P1399,Carousel,2000,1097,251,51,16,26,0,67,0.0335,344,Organic,10400,10408,2,06:15,Saturday,Australia,Product Launch,pt
27-10-2025,YouTube,Brand_YT,P1485,Video,1808,1125,43,8,11,4,1177,7,0.0039,66,Organic,10800,10795,0,07:00,Monday,UK,,es
13-09-2025,Instagram,Brand_IG,P1226,Video,1869,1550,143,25,19,10,1299,54,0.0289,197,Paid,10200,10203,5,13:15,Saturday,Germany,Holiday Promo,es
14-08-2025,Instagram,Brand_IG,P1074,Story,111,98,13,1,0,1,0,1,0.009,15,Organic,10200,10209,6,17:00,Thursday,Germany,Brand Awareness,es
02-09-2025,YouTube,Brand_YT,P1178,Story,761,484,40,3,6,3,391,23,0.0302,52,Organic,10800,10799,8,22:45,Tuesday,Brazil,Brand Awareness,es
15-10-2025,Facebook,Brand_FB,P1424,Text,2288,1817,185,43,4,26,0,18,0.0079,258,Organic,10000,10000,0,15:00,Wednesday,Germany,,hi
13-08-2025,Twitter,Brand_TW,P1069,Text,1009,794,80,14,18,7,0,15,0.0149,119,Organic,10400,10407,1,20:30,Wednesday,Brazil,Holiday Promo,pt
29-08-2025,Twitter,Brand_TW,P1156,Story,651,524,60,3,4,7,0,13,0.02,74,Organic,10400,10404,6,19:15,Friday,UK,Evergreen,hi
11-08-2025,Instagram,Brand_IG,P1056,Link,3161,2292,266,17,5,24,0,55,0.0174,312,Organic,10200,10197,1,13:00,Monday,Australia,Holiday Promo,de
12-10-2025,Instagram,Brand_IG,P1404,Story,4093,3159,308,26,43,35,0,96,0.0235,412,Organic,10200,10210,2,19:00,Sunday,Brazil,Evergreen,hi
25-09-2025,YouTube,Brand_YT,P1299,Text,528,319,28,2,7,3,398,10,0.0189,40,Paid,10800,10805,0,07:30,Thursday,India,,es
14-08-2025,Twitter,Brand_TW,P1078,Link,766,394,52,7,14,8,0,5,0.0065,81,Organic,10400,10406,8,17:00,Thursday,Germany,Holiday Promo,hi
30-10-2025,Facebook,Brand_FB,P1502,Link,166,121,12,0,2,1,0,7,0.0422,15,Organic,10000,10006,7,07:15,Thursday,USA,Brand Awareness,hi
27-09-2025,YouTube,Brand_YT,P1318,Image,4182,3134,180,20,21,21,1371,158,0.0378,242,Paid,10800,10797,3,21:15,Saturday,USA,Product Launch,es
25-10-2025,Instagram,Brand_IG,P1474,Text,2731,1409,117,21,43,20,0,26,0.0095,201,Organic,10200,10201,4,18:45,Saturday,India,,pt
15-08-2025,TikTok,Brand_TT,P1091,Carousel,754,526,41,8,2,3,0,11,0.0146,54,Organic,11000,11007,7,22:30,Friday,India,Product Launch,pt
15-09-2025,Instagram,Brand_IG,P1239,Link,3507,3105,307,71,4,43,0,105,0.0299,425,Organic,10200,10203,1,19:15,Monday,USA,,de
27-10-2025,Twitter,Brand_TW,P1483,Video,658,436,25,2,9,1,332,11,0.0167,37,Organic,10400,10411,1,12:45,Monday,UK,Holiday Promo,hi
12-08-2025,TikTok,Brand_TT,P1064,Text,340,205,41,2,5,5,0,13,0.0382,53,Organic,11000,11005,2,21:00,Tuesday,USA,,de
22-10-2025,Facebook,Brand_FB,P1456,Image,2022,1706,170,41,25,13,0,50,0.0247,249,Organic,10000,10007,4,21:00,Wednesday,UK,,de
13-08-2025,LinkedIn,Brand_LI,P1071,Image,2635,1988,287,57,5,35,0,68,0.0258,384,Paid,10600,10600,4,13:30,Wednesday,USA,Product Launch,de
02-08-2025,Instagram,Brand_IG,P1003,Video,1918,1785,122,8,5,20,1194,78,0.0407,155,Organic,10200,10206,8,09:45,Saturday,India,,es
24-09-2025,Facebook,Brand_FB,P1288,Story,1525,1040,93,11,4,1,0,55,0.0361,109,Organic,10000,9990,0,08:30,Wednesday,Brazil,Brand Awareness,es
02-10-2025,Facebook,Brand_FB,P1342,Image,1187,660,59,14,18,9,0,48,0.0404,100,Organic,10000,10000,3,06:45,Thursday,UK,Product Launch,es
25-08-2025,Twitter,Brand_TW,P1138,Link,108,64,15,1,0,0,0,3,0.0278,16,Organic,10400,10401,5,14:30,Monday,India,,de
17-09-2025,Instagram,Brand_IG,P1250,Video,344,311,42,8,4,5,232,12,0.0349,59,Organic,10200,10205,4,14:45,Wednesday,Germany,Evergreen,en
05-09-2025,Instagram,Brand_IG,P1195,Image,2911,2673,118,16,57,10,0,144,0.0495,201,Paid,10200,10200,4,11:30,Friday,India,Holiday Promo,es
01-09-2025,Instagram,Brand_IG,P1173,Link,50,37,4,0,0,0,0,1,0.02,4,Organic,10200,10205,8,13:15,Monday,Australia,Evergreen,hi
15-08-2025,Twitter,Brand_TW,P1083,Text,1925,1579,149,34,13,5,0,15,0.0078,201,Organic,10400,10398,8,16:45,Friday,Brazil,,es
20-10-2025,TikTok,Brand_TT,P1452,Link,1715,1128,252,56,4,37,0,39,0.0227,349,Paid,11000,11005,7,15:15,Monday,Australia,Evergreen,pt
28-09-2025,Instagram,Brand_IG,P1319,Video,4590,2768,590,128,35,93,1303,26,0.0057,846,Paid,10200,10203,7,06:00,Sunday,Germany,Holiday Promo,de
07-08-2025,Facebook,Brand_FB,P1034,Image,3271,2455,455,33,11,44,0,89,0.0272,543,Organic,10000,9996,5,20:45,Thursday,Brazil,Evergreen,hi
15-10-2025,Instagram,Brand_IG,P1425,Carousel,542,286,68,4,6,8,0,2,0.0037,86,Organic,10200,10199,5,18:30,Wednesday,India,,de
13-09-2025,Twitter,Brand_TW,P1228,Story,2350,1257,152,17,30,29,0,97,0.0413,228,Organic,10400,10396,5,20:00,Saturday,UK,Product Launch,hi
02-08-2025,Instagram,Brand_IG,P1001,Story,2418,1330,281,27,8,8,0,90,0.0372,324,Organic,10200,10200,6,07:00,Saturday,India,Product Launch,hi
04-08-2025,LinkedIn,Brand_LI,P1012,Text,1632,1524,229,46,23,33,0,34,0.0208,331,Organic,10600,10600,5,20:45,Monday,India,Product Launch,hi
14-09-2025,TikTok,Brand_TT,P1238,Image,2280,2153,174,43,29,29,0,32,0.014,275,Paid,11000,10997,1,08:45,Sunday,Brazil,Evergreen,de
05-08-2025,TikTok,Brand_TT,P1023,Story,2378,1642,133,6,37,17,0,34,0.0143,193,Organic,11000,11002,8,19:00,Tuesday,India,Brand Awareness,hi
18-08-2025,Twitter,Brand_TW,P1105,Video,1909,1413,114,24,18,19,873,90,0.0471,175,Paid,10400,10399,7,15:45,Monday,Brazil,,pt
25-09-2025,Facebook,Brand_FB,P1297,Carousel,2048,1459,247,30,10,38,0,76,0.0371,325,Organic,10000,10004,7,22:00,Thursday,Germany,Holiday Promo,de
18-08-2025,Facebook,Brand_FB,P1102,Link,2869,2156,297,34,9,42,0,136,0.0474,382,Paid,10000,9996,8,08:45,Monday,Brazil,Holiday Promo,en
14-08-2025,YouTube,Brand_YT,P1080,Carousel,2609,1547,125,27,18,4,2166,5,0.0019,174,Paid,10800,10811,2,10:30,Thursday,USA,Brand Awareness,en
17-10-2025,Twitter,Brand_TW,P1441,Story,733,435,85,8,5,5,0,25,0.0341,103,Organic,10400,10402,1,17:30,Friday,Germany,Evergreen,de
16-10-2025,Facebook,Brand_FB,P1432,Video,1670,1420,104,7,25,18,772,21,0.0126,154,Organic,10000,10002,7,07:45,Thursday,USA,Product Launch,de
05-08-2025,Instagram,Brand_IG,P1019,Image,1536,1179,165,16,5,29,0,21,0.0137,215,Organic,10200,10200,1,19:30,Tuesday,UK,Product Launch,es
02-09-2025,YouTube,Brand_YT,P1177,Carousel,394,232,58,4,6,0,279,18,0.0457,68,Organic,10800,10801,4,08:45,Tuesday,Australia,Evergreen,hi
13-09-2025,YouTube,Brand_YT,P1232,Image,447,243,20,1,6,2,317,6,0.0134,29,Organic,10800,10804,3,09:00,Saturday,Germany,,de
30-10-2025,Instagram,Brand_IG,P1503,Video,362,186,19,3,3,3,307,1,0.0028,28,Organic,10200,10205,8,21:45,Thursday,Germany,Brand Awareness,hi
24-08-2025,LinkedIn,Brand_LI,P1133,Video,3323,2151,331,27,65,49,1360,60,0.0181,472,Organic,10600,10609,8,21:30,Sunday,Germany,Brand Awareness,es
08-08-2025,Instagram,Brand_IG,P1040,Text,714,462,84,10,10,14,0,10,0.014,118,Organic,10200,10205,0,07:30,Friday,USA,Brand Awareness,en
23-10-2025,LinkedIn,Brand_LI,P1463,Story,1390,1016,38,2,8,0,0,47,0.0338,48,Organic,10600,10600,1,12:15,Thursday,USA,Holiday Promo,en
09-08-2025,LinkedIn,Brand_LI,P1047,Text,659,494,33,4,9,3,0,1,0.0015,49,Organic,10600,10600,6,13:30,Saturday,Australia,,es
05-10-2025,Facebook,Brand_FB,P1357,Carousel,2869,1995,317,64,29,15,0,60,0.0209,425,Organic,10000,10002,8,22:15,Sunday,USA,Brand Awareness,es
21-09-2025,YouTube,Brand_YT,P1278,Text,3969,3428,349,19,14,47,1349,150,0.0378,429,Organic,10800,10800,4,14:15,Sunday,India,Holiday Promo,hi
05-10-2025,LinkedIn,Brand_LI,P1361,Story,347,328,38,6,2,6,0,9,0.0259,52,Organic,10600,10599,0,15:15,Sunday,Australia,,es
16-08-2025,TikTok,Brand_TT,P1094,Text,294,240,21,1,0,1,0,11,0.0374,23,Organic,11000,10996,5,08:45,Saturday,India,Product Launch,pt
08-10-2025,Instagram,Brand_IG,P1377,Carousel,3462,2988,342,50,17,46,0,82,0.0237,455,Organic,10200,10202,0,13:30,Wednesday,Brazil,,hi
07-09-2025,TikTok,Brand_TT,P1204,Carousel,1185,1083,173,14,8,21,0,45,0.038,216,Organic,11000,11005,1,15:45,Sunday,Australia,Product Launch,en
20-10-2025,Twitter,Brand_TW,P1449,Story,990,899,76,14,14,13,0,8,0.0081,117,Organic,10400,10405,4,06:45,Monday,Brazil,Product Launch,pt
27-08-2025,TikTok,Brand_TT,P1149,Text,1389,751,119,25,13,12,0,33,0.0238,169,Organic,11000,11003,7,15:00,Wednesday,Germany,Holiday Promo,en
12-09-2025,Instagram,Brand_IG,P1221,Carousel,449,382,29,4,3,1,0,1,0.0022,37,Organic,10200,10206,0,14:00,Friday,Germany,,es
13-08-2025,LinkedIn,Brand_LI,P1070,Story,1687,1033,219,19,14,22,0,22,0.013,274,Organic,10600,10601,4,15:00,Wednesday,Australia,Evergreen,es
18-09-2025,Facebook,Brand_FB,P1254,Carousel,4046,2566,109,24,14,5,0,87,0.0215,152,Organic,10000,10002,7,10:30,Thursday,Australia,Product Launch,en
11-10-2025,Instagram,Brand_IG,P1397,Text,939,719,47,4,3,4,0,4,0.0043,58,Organic,10200,10206,6,19:30,Saturday,Brazil,Product Launch,hi
31-08-2025,LinkedIn,Brand_LI,P1168,Text,811,504,113,21,5,12,0,27,0.0333,151,Organic,10600,10596,5,06:15,Sunday,Brazil,Product Launch,pt
21-09-2025,LinkedIn,Brand_LI,P1276,Carousel,1399,1140,164,18,20,28,0,50,0.0357,230,Paid,10600,10600,3,12:15,Sunday,Brazil,Holiday Promo,es
30-10-2025,Instagram,Brand_IG,P1504,Image,3273,2151,152,16,55,23,0,135,0.0412,246,Organic,10200,10201,3,06:15,Thursday,Germany,Brand Awareness,hi
31-10-2025,Facebook,Brand_FB,P1508,Text,4080,2563,480,86,13,49,0,92,0.0225,628,Organic,10000,9997,4,10:30,Friday,Australia,Brand Awareness,es
28-09-2025,Twitter,Brand_TW,P1321,Carousel,1788,1537,146,23,18,12,0,62,0.0347,199,Organic,10400,10400,1,22:45,Sunday,UK,Brand Awareness,en
30-09-2025,Facebook,Brand_FB,P1330,Text,2522,1855,376,26,32,9,0,117,0.0464,443,Organic,10000,10002,3,13:30,Tuesday,Germany,Product Launch,hi
01-09-2025,Twitter,Brand_TW,P1174,Video,570,353,31,2,2,1,233,22,0.0386,36,Organic,10400,10409,3,21:15,Monday,Germany,Brand Awareness,hi
20-09-2025,TikTok,Brand_TT,P1273,Video,556,324,78,10,5,12,390,3,0.0054,105,Organic,11000,11002,1,20:45,Saturday,Australia,,de
28-10-2025,TikTok,Brand_TT,P1492,Story,623,429,86,6,2,5,0,3,0.0048,99,Organic,11000,11006,8,16:45,Tuesday,Australia,Brand Awareness,en
04-09-2025,Twitter,Brand_TW,P1183,Video,775,502,58,8,12,7,256,26,0.0335,85,Organic,10400,10394,3,20:45,Thursday,Germany,Brand Awareness,hi
20-09-2025,YouTube,Brand_YT,P1269,Text,361,232,22,2,3,2,167,14,0.0388,29,Organic,10800,10808,7,20:00,Saturday,Germany,Evergreen,es
03-10-2025,TikTok,Brand_TT,P1352,Image,2120,1346,103,22,2,17,0,74,0.0349,144,Organic,11000,11006,8,22:15,Friday,India,Brand Awareness,pt
22-08-2025,Instagram,Brand_IG,P1118,Story,1695,1443,41,2,26,3,0,34,0.0201,72,Organic,10200,10199,2,20:30,Friday,UK,Evergreen,en
10-10-2025,LinkedIn,Brand_LI,P1392,Image,836,778,77,5,9,8,0,12,0.0144,99,Paid,10600,10598,4,13:15,Friday,India,Holiday Promo,de
30-09-2025,YouTube,Brand_YT,P1333,Link,4491,3078,180,9,49,27,1326,70,0.0156,265,Organic,10800,10799,7,21:30,Tuesday,India,Evergreen,es
21-10-2025,Twitter,Brand_TW,P1454,Video,1003,752,112,22,3,5,468,28,0.0279,142,Organic,10400,10397,4,15:45,Tuesday,Brazil,Evergreen,hi
18-10-2025,YouTube,Brand_YT,P1443,Video,2393,1507,345,24,14,49,1310,105,0.0439,432,Organic,10800,10806,0,15:45,Saturday,Australia,,hi
04-10-2025,LinkedIn,Brand_LI,P1356,Text,1142,957,108,7,10,17,0,10,0.0088,142,Organic,10600,10606,7,07:45,Saturday,UK,Brand Awareness,pt
15-08-2025,LinkedIn,Brand_LI,P1087,Carousel,507,324,16,2,1,1,0,21,0.0414,20,Organic,10600,10600,8,17:00,Friday,UK,,hi
16-10-2025,TikTok,Brand_TT,P1437,Link,3200,1944,479,25,43,19,0,76,0.0238,566,Organic,11000,11003,0,20:45,Thursday,USA,Evergreen,hi
14-08-2025,Instagram,Brand_IG,P1076,Carousel,1927,1155,54,11,35,3,0,41,0.0213,103,Organic,10200,10205,0,15:45,Thursday,India,Brand Awareness,hi
20-10-2025,LinkedIn,Brand_LI,P1450,Link,1208,654,32,5,14,1,0,56,0.0464,52,Organic,10600,10610,0,08:45,Monday,Australia,Brand Awareness,de
04-08-2025,TikTok,Brand_TT,P1016,Video,51,35,2,0,0,0,40,1,0.0196,2,Organic,11000,10993,8,06:00,Monday,USA,Product Launch,pt
09-09-2025,Facebook,Brand_FB,P1211,Video,2312,1162,169,16,17,28,1882,110,0.0476,230,Organic,10000,10000,6,15:00,Tuesday,USA,,hi
04-09-2025,Facebook,Brand_FB,P1181,Link,1171,804,169,12,22,6,0,19,0.0162,209,Organic,10000,10003,3,22:45,Thursday,UK,Evergreen,en
11-10-2025,Facebook,Brand_FB,P1396,Link,882,630,114,12,6,13,0,23,0.0261,145,Organic,10000,9999,1,16:00,Saturday,UK,,pt
05-08-2025,Instagram,Brand_IG,P1020,Video,1448,897,53,9,14,9,1238,3,0.0021,85,Organic,10200,10200,1,08:15,Tuesday,Brazil,Holiday Promo,hi
29-10-2025,TikTok,Brand_TT,P1500,Text,1831,1164,130,16,35,15,0,54,0.0295,196,Organic,11000,11004,8,21:30,Wednesday,Germany,Product Launch,en
02-10-2025,Facebook,Brand_FB,P1341,Story,787,561,76,9,2,3,0,5,0.0064,90,Organic,10000,10000,0,07:30,Thursday,Australia,Product Launch,de
11-08-2025,LinkedIn,Brand_LI,P1057,Image,2814,2373,120,18,26,7,0,140,0.0498,171,Organic,10600,10601,7,08:45,Monday,UK,Evergreen,es
21-09-2025,YouTube,Brand_YT,P1279,Carousel,1024,526,128,9,17,19,824,38,0.0371,173,Organic,10800,10790,3,22:30,Sunday,Australia,Brand Awareness,pt
27-10-2025,LinkedIn,Brand_LI,P1484,Link,1846,1493,93,9,7,1,0,74,0.0401,110,Organic,10600,10596,7,19:45,Monday,Australia,Brand Awareness,hi
16-10-2025,LinkedIn,Brand_LI,P1434,Text,645,443,76,7,4,3,0,25,0.0388,90,Paid,10600,10605,2,13:00,Thursday,Germany,,pt
28-08-2025,TikTok,Brand_TT,P1155,Carousel,434,333,46,5,2,1,0,14,0.0323,54,Organic,11000,10996,4,14:00,Thursday,Brazil,,hi
06-08-2025,Instagram,Brand_IG,P1026,Story,635,564,79,8,10,2,0,27,0.0425,99,Paid,10200,10195,3,12:45,Wednesday,UK,Holiday Promo,hi
19-09-2025,TikTok,Brand_TT,P1266,Carousel,1314,1058,57,7,10,0,0,45,0.0342,74,Organic,11000,11004,2,21:45,Friday,India,Evergreen,pt
09-08-2025,Facebook,Brand_FB,P1043,Image,2087,1698,123,22,34,19,0,60,0.0287,198,Organic,10000,10003,8,19:30,Saturday,India,,es
27-09-2025,Facebook,Brand_FB,P1313,Image,2361,1394,248,52,15,4,0,72,0.0305,319,Organic,10000,10004,3,11:00,Saturday,UK,Product Launch,en
14-10-2025,Facebook,Brand_FB,P1411,Carousel,404,335,26,4,6,0,0,4,0.0099,36,Organic,10000,9996,4,21:15,Tuesday,Germany,Evergreen,pt
21-10-2025,TikTok,Brand_TT,P1455,Image,1668,1427,66,7,21,8,0,13,0.0078,102,Organic,11000,11001,4,19:15,Tuesday,Germany,Product Launch,en
23-09-2025,Twitter,Brand_TW,P1285,Link,740,549,42,9,12,3,0,29,0.0392,66,Organic,10400,10404,0,15:15,Tuesday,UK,,en
23-08-2025,LinkedIn,Brand_LI,P1127,Text,2764,1472,76,10,28,3,0,86,0.0311,117,Organic,10600,10600,5,17:45,Saturday,USA,Holiday Promo,de
01-10-2025,Facebook,Brand_FB,P1335,Story,1849,1123,220,51,30,30,0,28,0.0151,331,Organic,10000,9998,4,19:15,Wednesday,India,Product Launch,hi
07-08-2025,Facebook,Brand_FB,P1032,Image,1691,1468,198,36,8,9,0,5,0.003,251,Organic,10000,9998,7,08:45,Thursday,Germany,,hi
21-08-2025,Instagram,Brand_IG,P1114,Video,707,635,43,4,6,7,375,2,0.0028,60,Organic,10200,10198,4,17:00,Thursday,Australia,Holiday Promo,es
18-09-2025,Instagram,Brand_IG,P1256,Story,4624,3205,350,50,5,38,0,171,0.037,443,Paid,10200,10199,5,22:15,Thursday,India,Brand Awareness,hi
11-09-2025,TikTok,Brand_TT,P1219,Story,2136,1478,141,32,13,13,0,19,0.0089,199,Organic,11000,11006,3,15:45,Thursday,Germany,,pt
14-10-2025,LinkedIn,Brand_LI,P1415,Image,197,103,19,4,1,2,0,1,0.0051,26,Paid,10600,10615,1,10:45,Tuesday,Australia,,hi
11-08-2025,YouTube,Brand_YT,P1058,Link,1301,1042,171,19,18,11,1120,53,0.0407,219,Organic,10800,10806,7,08:30,Monday,UK,Holiday Promo,en
11-10-2025,Facebook,Brand_FB,P1395,Video,2572,2282,257,59,21,36,1711,102,0.0397,373,Paid,10000,10002,7,21:00,Saturday,India,Evergreen,en
06-08-2025,Instagram,Brand_IG,P1025,Link,3714,3160,501,65,47,19,0,173,0.0466,632,Paid,10200,10205,2,19:00,Wednesday,USA,Holiday Promo,pt
05-08-2025,Instagram,Brand_IG,P1018,Video,1247,730,60,3,18,1,523,5,0.004,82,Organic,10200,10202,8,11:00,Tuesday,Brazil,Brand Awareness,hi
05-09-2025,Facebook,Brand_FB,P1193,Text,3129,2290,175,41,25,33,0,55,0.0176,274,Organic,10000,10009,1,20:30,Friday,India,,pt
13-08-2025,Instagram,Brand_IG,P1067,Story,3022,1633,444,89,43,12,0,30,0.0099,588,Organic,10200,10203,0,07:30,Wednesday,India,Holiday Promo,es
23-09-2025,TikTok,Brand_TT,P1287,Story,260,210,6,1,0,0,0,2,0.0077,7,Organic,11000,11008,1,13:30,Tuesday,Germany,Evergreen,pt
14-10-2025,TikTok,Brand_TT,P1421,Image,4573,4017,543,58,22,62,0,221,0.0483,685,Organic,11000,11007,4,18:00,Tuesday,Australia,Holiday Promo,pt
17-08-2025,Facebook,Brand_FB,P1095,Carousel,1977,1344,59,13,29,3,0,77,0.0389,104,Organic,10000,10000,1,22:15,Sunday,UK,Holiday Promo,hi
26-09-2025,TikTok,Brand_TT,P1312,Image,477,294,32,5,7,5,0,10,0.021,49,Organic,11000,11002,4,07:15,Friday,Australia,Evergreen,pt
13-10-2025,YouTube,Brand_YT,P1407,Text,2841,2000,391,64,20,30,2512,45,0.0158,505,Organic,10800,10805,4,14:00,Monday,Australia,Evergreen,de
05-08-2025,TikTok,Brand_TT,P1024,Carousel,4194,2164,285,45,38,5,0,81,0.0193,373,Paid,11000,11003,0,17:15,Tuesday,Australia,Product Launch,en
20-09-2025,TikTok,Brand_TT,P1272,Link,271,178,27,5,3,2,0,1,0.0037,37,Paid,11000,10998,7,10:45,Saturday,India,Holiday Promo,de
25-09-2025,YouTube,Brand_YT,P1300,Story,3736,2310,339,28,50,26,2455,157,0.042,443,Organic,10800,10800,6,13:45,Thursday,UK,Holiday Promo,pt
06-10-2025,YouTube,Brand_YT,P1372,Video,2475,1815,176,34,28,19,1587,10,0.004,257,Organic,10800,10800,6,15:30,Monday,Germany,Product Launch,pt
03-08-2025,Instagram,Brand_IG,P1006,Story,1562,1264,75,8,24,1,0,64,0.041,108,Organic,10200,10197,6,14:00,Sunday,USA,,es
22-08-2025,Instagram,Brand_IG,P1117,Story,1707,1521,112,27,10,21,0,81,0.0475,170,Organic,10200,10204,6,17:15,Friday,India,Product Launch,de
09-08-2025,Twitter,Brand_TW,P1046,Link,1807,1051,85,17,13,15,0,64,0.0354,130,Organic,10400,10406,0,22:15,Saturday,India,Product Launch,pt
04-09-2025,Twitter,Brand_TW,P1186,Link,1091,602,74,5,9,9,0,32,0.0293,97,Organic,10400,10398,7,11:15,Thursday,Germany,Holiday Promo,hi
05-08-2025,Facebook,Brand_FB,P1017,Text,4216,3021,558,128,17,5,0,87,0.0206,708,Paid,10000,9998,7,15:45,Tuesday,Australia,,pt
25-10-2025,LinkedIn,Brand_LI,P1475,Story,2726,2042,245,35,31,9,0,12,0.0044,320,Organic,10600,10600,6,17:30,Saturday,UK,Brand Awareness,en
06-10-2025,Twitter,Brand_TW,P1366,Link,2018,1416,74,13,24,10,0,23,0.0114,121,Organic,10400,10396,8,10:45,Monday,USA,,hi
02-08-2025,TikTok,Brand_TT,P1004,Story,1785,1389,235,38,25,4,0,23,0.0129,302,Organic,11000,10995,1,13:00,Saturday,Germany,Holiday Promo,pt
14-09-2025,LinkedIn,Brand_LI,P1235,Image,914,565,73,6,5,1,0,34,0.0372,85,Organic,10600,10607,1,17:45,Sunday,Brazil,Product Launch,de
09-10-2025,Facebook,Brand_FB,P1383,Carousel,886,841,65,7,10,8,0,2,0.0023,90,Organic,10000,9999,4,14:00,Thursday,UK,Holiday Promo,de
12-08-2025,YouTube,Brand_YT,P1061,Text,1270,1176,132,10,23,8,881,27,0.0213,173,Organic,10800,10806,7,13:45,Tuesday,Brazil,Product Launch,pt
20-08-2025,LinkedIn,Brand_LI,P1111,Link,1085,659,80,14,2,15,0,5,0.0046,111,Organic,10600,10603,8,22:00,Wednesday,Germany,Evergreen,en
13-10-2025,TikTok,Brand_TT,P1408,Video,50,37,5,0,0,0,26,0,0,5,Organic,11000,11004,4,14:15,Monday,Brazil,Holiday Promo,es
14-10-2025,TikTok,Brand_TT,P1419,Story,1672,1129,66,7,14,0,0,60,0.0359,87,Organic,11000,11005,7,19:45,Tuesday,Australia,Brand Awareness,de
06-08-2025,TikTok,Brand_TT,P1030,Carousel,50,31,3,0,0,0,0,1,0.02,3,Paid,11000,11004,2,15:45,Wednesday,Brazil,Brand Awareness,es
21-09-2025,LinkedIn,Brand_LI,P1275,Carousel,157,140,13,1,3,2,0,6,0.0382,19,Organic,10600,10604,5,15:45,Sunday,USA,Product Launch,pt
26-09-2025,Instagram,Brand_IG,P1303,Carousel,1034,591,105,6,12,2,0,14,0.0135,125,Organic,10200,10202,6,06:30,Friday,India,Product Launch,pt
06-08-2025,Twitter,Brand_TW,P1027,Video,985,502,44,5,17,8,389,32,0.0325,74,Organic,10400,10402,8,16:00,Wednesday,India,Holiday Promo,hi
03-08-2025,TikTok,Brand_TT,P1008,Text,2290,1238,59,4,29,9,0,50,0.0218,101,Organic,11000,10995,6,20:30,Sunday,Brazil,Brand Awareness,en
04-09-2025,Instagram,Brand_IG,P1182,Text,273,225,21,1,0,3,0,0,0,25,Organic,10200,10200,1,11:15,Thursday,Brazil,Product Launch,de
23-10-2025,LinkedIn,Brand_LI,P1465,Carousel,1167,697,52,5,21,5,0,56,0.048,83,Organic,10600,10604,3,22:45,Thursday,UK,,hi
19-08-2025,YouTube,Brand_YT,P1109,Text,97,75,13,0,0,0,83,3,0.0309,13,Organic,10800,10799,4,13:30,Tuesday,India,Brand Awareness,hi
07-08-2025,LinkedIn,Brand_LI,P1038,Text,723,536,83,17,13,8,0,10,0.0138,121,Organic,10600,10606,6,16:45,Thursday,Australia,Product Launch,pt
29-08-2025,YouTube,Brand_YT,P1158,Video,4355,2824,131,18,35,14,3399,19,0.0044,198,Organic,10800,10806,0,08:15,Friday,Brazil,,hi
26-10-2025,Instagram,Brand_IG,P1479,Text,1025,558,110,12,10,17,0,18,0.0176,149,Organic,10200,10209,5,19:15,Sunday,Germany,Brand Awareness,de
22-08-2025,Twitter,Brand_TW,P1119,Carousel,629,353,42,4,3,8,0,2,0.0032,57,Organic,10400,10407,8,18:00,Friday,UK,Holiday Promo,pt
21-08-2025,LinkedIn,Brand_LI,P1115,Image,4675,4019,359,46,43,68,0,85,0.0182,516,Organic,10600,10601,7,17:30,Thursday,India,Evergreen,en
20-09-2025,Facebook,Brand_FB,P1267,Image,2837,1499,298,15,49,32,0,106,0.0374,394,Organic,10000,10004,3,16:00,Saturday,Germany,Product Launch,pt
01-09-2025,LinkedIn,Brand_LI,P1176,Link,2680,1554,192,21,40,25,0,129,0.0481,278,Organic,10600,10600,5,18:30,Monday,Germany,Holiday Promo,en
16-10-2025,LinkedIn,Brand_LI,P1435,Video,1811,1387,233,24,26,34,674,32,0.0177,317,Organic,10600,10602,2,06:45,Thursday,India,Brand Awareness,pt
03-10-2025,YouTube,Brand_YT,P1350,Text,1991,1447,210,32,24,39,1655,56,0.0281,305,Paid,10800,10795,5,19:45,Friday,Australia,Holiday Promo,de
26-08-2025,TikTok,Brand_TT,P1145,Image,1749,1189,56,13,17,10,0,4,0.0023,96,Organic,11000,11000,7,14:30,Tuesday,UK,,de
09-10-2025,LinkedIn,Brand_LI,P1384,Carousel,444,286,9,1,3,1,0,14,0.0315,14,Organic,10600,10601,2,12:30,Thursday,UK,Evergreen,pt
15-10-2025,TikTok,Brand_TT,P1430,Story,617,542,85,12,2,15,0,2,0.0032,114,Organic,11000,11000,3,19:30,Wednesday,UK,,pt
09-09-2025,TikTok,Brand_TT,P1212,Text,522,376,14,3,7,0,0,24,0.046,24,Paid,11000,11004,8,19:30,Tuesday,Germany,Brand Awareness,de
28-09-2025,LinkedIn,Brand_LI,P1322,Story,4337,2579,414,47,54,24,0,122,0.0281,539,Organic,10600,10612,7,16:30,Sunday,USA,Evergreen,pt
28-10-2025,LinkedIn,Brand_LI,P1491,Video,597,529,24,3,4,3,388,23,0.0385,34,Organic,10600,10597,1,21:45,Tuesday,Australia,Evergreen,es
22-10-2025,Facebook,Brand_FB,P1457,Image,3073,2705,126,7,21,22,0,26,0.0085,176,Organic,10000,10004,4,17:45,Wednesday,Australia,Holiday Promo,en
26-08-2025,Instagram,Brand_IG,P1142,Story,1783,938,213,38,9,32,0,76,0.0426,292,Organic,10200,10200,2,19:15,Tuesday,India,Evergreen,pt
07-10-2025,YouTube,Brand_YT,P1375,Image,3425,2519,239,49,36,45,1592,69,0.0201,369,Organic,10800,10801,5,10:15,Tuesday,USA,Product Launch,en
13-08-2025,Instagram,Brand_IG,P1068,Link,1804,1251,93,12,25,4,0,18,0.01,134,Organic,10200,10204,6,13:45,Wednesday,Brazil,Product Launch,hi
06-10-2025,Instagram,Brand_IG,P1365,Video,1236,808,87,6,18,9,833,54,0.0437,120,Organic,10200,10208,6,13:15,Monday,Germany,Holiday Promo,de
31-08-2025,YouTube,Brand_YT,P1169,Image,378,239,35,5,6,4,218,7,0.0185,50,Organic,10800,10801,1,22:30,Sunday,India,Brand Awareness,pt
30-10-2025,LinkedIn,Brand_LI,P1506,Story,1362,1085,107,25,16,1,0,66,0.0485,149,Organic,10600,10602,7,16:15,Thursday,USA,Brand Awareness,es
19-10-2025,Twitter,Brand_TW,P1445,Text,1283,984,141,30,12,9,0,10,0.0078,192,Organic,10400,10402,2,14:15,Sunday,Germany,Holiday Promo,es
13-09-2025,LinkedIn,Brand_LI,P1229,Story,1770,938,94,6,1,7,0,65,0.0367,108,Paid,10600,10608,6,21:45,Saturday,UK,,pt
05-09-2025,Facebook,Brand_FB,P1194,Video,2320,2170,295,43,16,18,1352,19,0.0082,372,Paid,10000,10000,5,07:00,Friday,India,Evergreen,en
15-08-2025,Instagram,Brand_IG,P1082,Image,3176,2234,154,26,47,28,0,106,0.0334,255,Organic,10200,10202,0,07:45,Friday,Germany,Evergreen,en
20-08-2025,Twitter,Brand_TW,P1110,Text,230,181,23,1,3,2,0,6,0.0261,29,Organic,10400,10405,3,10:30,Wednesday,Germany,Brand Awareness,de
15-10-2025,YouTube,Brand_YT,P1427,Image,3200,1792,393,69,26,15,2610,18,0.0056,503,Organic,10800,10807,1,15:45,Wednesday,Australia,Evergreen,hi
27-08-2025,Instagram,Brand_IG,P1146,Image,1895,1170,126,12,25,12,0,18,0.0095,175,Organic,10200,10199,4,09:30,Wednesday,UK,,hi
16-08-2025,LinkedIn,Brand_LI,P1093,Story,2096,1265,194,35,16,16,0,78,0.0372,261,Organic,10600,10606,7,08:30,Saturday,Brazil,Evergreen,de
28-08-2025,LinkedIn,Brand_LI,P1153,Link,443,252,19,4,6,0,0,14,0.0316,29,Organic,10600,10602,0,13:15,Thursday,India,Brand Awareness,de
25-10-2025,TikTok,Brand_TT,P1477,Image,155,123,8,1,1,1,0,0,0,11,Organic,11000,11012,5,11:00,Saturday,Brazil,Holiday Promo,en
17-09-2025,Facebook,Brand_FB,P1249,Carousel,539,426,53,5,1,1,0,26,0.0482,60,Organic,10000,9998,4,14:30,Wednesday,USA,Product Launch,de
15-08-2025,Twitter,Brand_TW,P1084,Text,1237,899,93,19,3,12,0,54,0.0437,127,Organic,10400,10411,3,19:45,Friday,USA,Evergreen,es
18-08-2025,Twitter,Brand_TW,P1104,Video,981,754,39,3,13,5,816,35,0.0357,60,Organic,10400,10398,5,13:45,Monday,Brazil,Holiday Promo,pt
31-08-2025,Twitter,Brand_TW,P1166,Video,679,528,35,4,10,0,591,16,0.0236,49,Organic,10400,10405,3,15:00,Sunday,Australia,Brand Awareness,en
31-08-2025,Twitter,Brand_TW,P1164,Story,3218,1827,155,21,6,20,0,150,0.0466,202,Paid,10400,10407,7,06:00,Sunday,Brazil,,pt
06-09-2025,LinkedIn,Brand_LI,P1200,Text,1562,1002,59,6,4,6,0,48,0.0307,75,Organic,10600,10600,0,15:15,Saturday,Brazil,,de
16-09-2025,TikTok,Brand_TT,P1246,Carousel,4159,2734,171,39,63,24,0,65,0.0156,297,Organic,11000,11004,2,12:15,Tuesday,Australia,Product Launch,hi
14-08-2025,Instagram,Brand_IG,P1075,Carousel,1546,858,104,20,9,8,0,50,0.0323,141,Organic,10200,10199,3,21:00,Thursday,Brazil,,es
27-09-2025,YouTube,Brand_YT,P1317,Image,1228,825,150,14,17,24,600,23,0.0187,205,Organic,10800,10803,4,13:30,Saturday,India,Evergreen,es
13-09-2025,YouTube,Brand_YT,P1230,Image,1865,1628,228,37,28,12,962,75,0.0402,305,Organic,10800,10800,0,16:30,Saturday,India,Brand Awareness,es
26-10-2025,YouTube,Brand_YT,P1482,Carousel,3096,2179,369,31,4,53,2488,91,0.0294,457,Organic,10800,10802,7,14:45,Sunday,Brazil,Brand Awareness,de
22-08-2025,YouTube,Brand_YT,P1120,Video,2381,2258,136,31,24,4,1897,56,0.0235,195,Paid,10800,10800,7,08:30,Friday,Australia,Holiday Promo,en
09-10-2025,YouTube,Brand_YT,P1385,Image,2123,1678,175,30,38,19,922,84,0.0396,262,Organic,10800,10800,0,22:30,Thursday,Brazil,Holiday Promo,de
15-10-2025,Instagram,Brand_IG,P1426,Video,3293,2123,478,44,6,20,804,49,0.0149,548,Organic,10200,10204,2,17:15,Wednesday,Germany,Product Launch,de
18-09-2025,TikTok,Brand_TT,P1262,Carousel,330,238,15,3,2,0,0,11,0.0333,20,Paid,11000,11010,7,10:00,Thursday,Brazil,Brand Awareness,en
05-10-2025,YouTube,Brand_YT,P1363,Link,2605,1870,254,17,12,49,1543,94,0.0361,332,Organic,10800,10798,8,15:30,Sunday,Germany,Evergreen,hi
13-10-2025,TikTok,Brand_TT,P1410,Link,714,673,104,17,11,17,0,27,0.0378,149,Organic,11000,11013,6,13:45,Monday,Australia,Product Launch,hi
01-10-2025,Instagram,Brand_IG,P1336,Link,759,417,60,8,10,6,0,13,0.0171,84,Organic,10200,10198,8,06:15,Wednesday,India,Holiday Promo,es
19-09-2025,LinkedIn,Brand_LI,P1263,Link,1151,909,91,22,6,1,0,47,0.0408,120,Paid,10600,10600,4,17:30,Friday,Germany,Brand Awareness,en
25-10-2025,TikTok,Brand_TT,P1478,Text,129,102,9,1,1,0,0,3,0.0233,11,Organic,11000,10999,5,18:45,Saturday,UK,,en
14-10-2025,YouTube,Brand_YT,P1417,Image,1457,979,92,5,27,5,740,37,0.0254,129,Paid,10800,10799,6,11:45,Tuesday,India,Product Launch,de
10-10-2025,YouTube,Brand_YT,P1393,Link,1662,1235,44,2,30,0,778,10,0.006,76,Organic,10800,10802,7,17:30,Friday,UK,Product Launch,de
22-09-2025,Twitter,Brand_TW,P1281,Video,596,506,86,9,2,12,197,6,0.0101,109,Organic,10400,10398,6,07:45,Monday,UK,,es
07-08-2025,Twitter,Brand_TW,P1037,Image,131,77,9,2,1,1,0,5,0.0382,13,Organic,10400,10398,6,21:00,Thursday,UK,Holiday Promo,pt
05-09-2025,LinkedIn,Brand_LI,P1197,Video,220,168,19,2,0,1,62,9,0.0409,22,Organic,10600,10603,7,08:15,Friday,Germany,Brand Awareness,en
26-08-2025,Facebook,Brand_FB,P1140,Link,3689,3393,407,31,46,49,0,50,0.0136,533,Organic,10000,10001,8,13:15,Tuesday,India,Brand Awareness,pt
07-10-2025,Twitter,Brand_TW,P1374,Text,50,25,3,0,0,0,0,0,0,3,Organic,10400,10405,2,09:00,Tuesday,India,Evergreen,es
28-10-2025,Instagram,Brand_IG,P1490,Story,3578,3332,240,50,11,41,0,154,0.043,342,Organic,10200,10200,6,14:30,Tuesday,India,Product Launch,es
24-09-2025,LinkedIn,Brand_LI,P1292,Link,899,528,39,8,15,6,0,42,0.0467,68,Paid,10600,10598,7,08:30,Wednesday,Australia,Brand Awareness,es
06-10-2025,YouTube,Brand_YT,P1371,Carousel,1347,1119,93,10,16,14,829,36,0.0267,133,Paid,10800,10802,0,22:00,Monday,Germany,Evergreen,en
12-08-2025,Twitter,Brand_TW,P1060,Video,2420,2220,186,35,8,36,1515,32,0.0132,265,Organic,10400,10402,8,06:45,Tuesday,India,Product Launch,en
23-10-2025,Twitter,Brand_TW,P1462,Story,742,446,26,1,1,3,0,29,0.0391,31,Organic,10400,10401,7,19:00,Thursday,USA,Brand Awareness,en
21-08-2025,Facebook,Brand_FB,P1112,Story,2410,1624,165,32,18,3,0,32,0.0133,218,Organic,10000,10004,1,16:15,Thursday,India,Holiday Promo,de
15-08-2025,YouTube,Brand_YT,P1090,Link,1544,988,95,22,19,16,476,59,0.0382,152,Organic,10800,10812,1,14:45,Friday,Australia,Evergreen,pt
14-10-2025,LinkedIn,Brand_LI,P1416,Image,1754,1426,92,13,32,12,0,81,0.0462,149,Organic,10600,10604,6,16:30,Tuesday,USA,Brand Awareness,es
03-08-2025,LinkedIn,Brand_LI,P1007,Video,1397,1110,99,23,13,5,520,40,0.0286,140,Organic,10600,10615,6,18:30,Sunday,USA,Product Launch,de
06-10-2025,LinkedIn,Brand_LI,P1370,Story,1771,1420,82,7,7,15,0,40,0.0226,111,Organic,10600,10601,5,20:15,Monday,Germany,Evergreen,en
04-10-2025,Instagram,Brand_IG,P1354,Story,2635,2150,333,23,34,5,0,107,0.0406,395,Organic,10200,10197,0,16:30,Saturday,Germany,Evergreen,en
03-10-2025,Twitter,Brand_TW,P1347,Image,984,903,46,6,17,1,0,39,0.0396,70,Organic,10400,10400,8,19:30,Friday,Australia,Brand Awareness,de
30-08-2025,Facebook,Brand_FB,P1159,Text,2776,1648,382,42,50,19,0,30,0.0108,493,Organic,10000,10002,7,13:15,Saturday,Germany,Product Launch,de
28-08-2025,Facebook,Brand_FB,P1151,Story,943,886,98,13,18,8,0,41,0.0435,137,Paid,10000,9995,6,08:15,Thursday,Australia,Holiday Promo,en
10-10-2025,Twitter,Brand_TW,P1391,Carousel,2918,2454,300,27,14,19,0,80,0.0274,360,Organic,10400,10400,1,14:15,Friday,USA,Holiday Promo,en
07-08-2025,YouTube,Brand_YT,P1039,Video,1603,1508,143,33,19,19,414,36,0.0225,214,Paid,10800,10805,2,07:30,Thursday,Germany,Holiday Promo,hi
28-09-2025,YouTube,Brand_YT,P1323,Video,3536,2434,416,51,30,39,2121,173,0.0489,536,Organic,10800,10805,1,14:15,Sunday,Brazil,Evergreen,pt
06-09-2025,LinkedIn,Brand_LI,P1199,Link,1160,957,117,9,10,16,0,50,0.0431,152,Organic,10600,10597,1,10:00,Saturday,Brazil,Evergreen,es
19-10-2025,YouTube,Brand_YT,P1448,Text,2025,1712,290,68,8,56,1179,53,0.0262,422,Organic,10800,10800,4,21:30,Sunday,Brazil,Product Launch,de
27-08-2025,Instagram,Brand_IG,P1147,Video,2148,1999,176,24,42,14,1485,98,0.0456,256,Organic,10200,10204,3,13:00,Wednesday,Brazil,Evergreen,de
11-10-2025,YouTube,Brand_YT,P1403,Text,1537,875,230,42,5,5,324,56,0.0364,282,Organic,10800,10808,6,10:00,Saturday,USA,Evergreen,pt
27-08-2025,TikTok,Brand_TT,P1148,Story,1079,715,150,10,18,27,0,12,0.0111,205,Organic,11000,11005,2,16:45,Wednesday,India,Product Launch,de
27-09-2025,Instagram,Brand_IG,P1315,Carousel,1624,1515,128,16,1,5,0,42,0.0259,150,Organic,10200,10206,8,15:30,Saturday,India,,es
27-10-2025,YouTube,Brand_YT,P1487,Link,3330,2408,105,17,52,7,2606,124,0.0372,181,Organic,10800,10789,3,19:15,Monday,USA,Brand Awareness,hi
23-08-2025,Twitter,Brand_TW,P1124,Image,171,125,10,0,3,0,0,8,0.0468,13,Organic,10400,10407,4,08:30,Saturday,USA,,es
08-10-2025,Instagram,Brand_IG,P1378,Image,3501,2041,95,11,13,1,0,104,0.0297,120,Organic,10200,10205,5,08:00,Wednesday,India,Evergreen,hi
17-08-2025,Twitter,Brand_TW,P1097,Text,1049,556,81,8,6,1,0,27,0.0257,96,Organic,10400,10400,7,07:00,Sunday,UK,Holiday Promo,en
26-08-2025,YouTube,Brand_YT,P1144,Link,139,81,4,0,1,0,45,5,0.036,5,Organic,10800,10800,3,11:45,Tuesday,Germany,,es
15-09-2025,Twitter,Brand_TW,P1240,Carousel,2652,2231,376,88,31,10,0,41,0.0155,505,Organic,10400,10396,5,19:30,Monday,Germany,Evergreen,de
12-10-2025,YouTube,Brand_YT,P1405,Story,1931,1401,141,22,15,27,1154,69,0.0357,205,Organic,10800,10802,7,08:15,Sunday,Australia,,es
17-08-2025,LinkedIn,Brand_LI,P1098,Story,1088,967,142,24,11,13,0,31,0.0285,190,Organic,10600,10600,0,20:15,Sunday,UK,,pt
05-10-2025,Twitter,Brand_TW,P1359,Carousel,2475,1399,63,13,11,5,0,94,0.038,92,Paid,10400,10392,1,07:15,Sunday,Brazil,Product Launch,es
23-08-2025,Facebook,Brand_FB,P1123,Carousel,2027,1080,296,52,19,41,0,37,0.0183,408,Paid,10000,10003,8,11:15,Saturday,Germany,,en
04-09-2025,Twitter,Brand_TW,P1184,Video,1386,866,154,32,16,24,798,27,0.0195,226,Organic,10400,10398,1,14:45,Thursday,Brazil,Holiday Promo,de
07-09-2025,YouTube,Brand_YT,P1203,Image,1876,1738,134,14,27,20,931,39,0.0208,195,Organic,10800,10803,8,10:30,Sunday,India,Holiday Promo,en
17-09-2025,Facebook,Brand_FB,P1247,Link,3138,2489,272,60,60,37,0,77,0.0245,429,Organic,10000,10002,2,06:15,Wednesday,UK,,es
26-10-2025,Instagram,Brand_IG,P1480,Video,1099,691,28,6,9,1,791,7,0.0064,44,Organic,10200,10207,1,16:30,Sunday,India,,de
26-09-2025,Twitter,Brand_TW,P1306,Carousel,1421,735,173,26,4,17,0,11,0.0077,220,Organic,10400,10393,0,19:45,Friday,UK,Brand Awareness,de
06-10-2025,LinkedIn,Brand_LI,P1368,Video,3349,2848,113,9,51,14,1295,97,0.029,187,Organic,10600,10598,3,13:00,Monday,UK,Brand Awareness,pt
26-09-2025,LinkedIn,Brand_LI,P1308,Image,1723,1081,230,30,7,33,0,68,0.0395,300,Organic,10600,10600,1,22:00,Friday,Germany,Product Launch,es
12-10-2025,YouTube,Brand_YT,P1406,Text,1286,942,113,19,7,14,854,43,0.0334,153,Organic,10800,10804,8,15:00,Sunday,UK,,en
24-09-2025,LinkedIn,Brand_LI,P1291,Carousel,2294,1553,209,14,11,31,0,84,0.0366,265,Organic,10600,10601,8,10:15,Wednesday,USA,Product Launch,de
23-08-2025,LinkedIn,Brand_LI,P1126,Link,3906,3097,467,62,51,48,0,125,0.032,628,Organic,10600,10598,4,21:15,Saturday,Australia,Evergreen,es
26-09-2025,YouTube,Brand_YT,P1311,Video,2271,1655,277,58,28,38,536,46,0.0203,401,Organic,10800,10803,1,10:45,Friday,Brazil,Evergreen,en
12-09-2025,YouTube,Brand_YT,P1224,Image,1924,1010,188,10,19,13,1211,78,0.0405,230,Organic,10800,10807,2,16:00,Friday,India,Product Launch,de
15-10-2025,YouTube,Brand_YT,P1429,Video,1960,1149,290,71,25,50,1745,51,0.026,436,Organic,10800,10801,3,14:00,Wednesday,USA,Brand Awareness,hi
12-09-2025,Facebook,Brand_FB,P1220,Image,3309,1785,230,30,43,37,0,46,0.0139,340,Paid,10000,10012,8,06:45,Friday,Australia,Holiday Promo,pt
24-08-2025,Instagram,Brand_IG,P1130,Text,133,102,17,3,0,0,0,0,0,20,Organic,10200,10209,4,17:45,Sunday,UK,Brand Awareness,pt
17-10-2025,Facebook,Brand_FB,P1439,Carousel,266,228,32,2,4,4,0,1,0.0038,42,Paid,10000,9999,5,07:00,Friday,Germany,Holiday Promo,pt
14-10-2025,Facebook,Brand_FB,P1412,Link,702,396,93,4,13,8,0,24,0.0342,118,Paid,10000,10004,0,09:30,Tuesday,Germany,,es
01-10-2025,Twitter,Brand_TW,P1337,Video,467,383,53,5,1,5,205,7,0.015,64,Organic,10400,10390,5,20:00,Wednesday,UK,Brand Awareness,hi
09-10-2025,TikTok,Brand_TT,P1387,Carousel,668,516,29,2,10,1,0,28,0.0419,42,Organic,11000,10998,4,19:00,Thursday,Germany,Product Launch,es
25-09-2025,Instagram,Brand_IG,P1298,Image,983,784,128,27,12,5,0,26,0.0264,172,Organic,10200,10202,2,10:45,Thursday,UK,Brand Awareness,hi
25-10-2025,Instagram,Brand_IG,P1471,Video,397,335,13,1,4,1,116,2,0.005,19,Organic,10200,10212,1,21:00,Saturday,USA,Evergreen,de
26-09-2025,Facebook,Brand_FB,P1302,Story,1246,752,156,30,12,15,0,15,0.012,213,Organic,10000,9998,6,06:15,Friday,India,Product Launch,de
24-09-2025,TikTok,Brand_TT,P1295,Story,1516,1258,203,28,11,13,0,43,0.0284,255,Organic,11000,11012,1,14:15,Wednesday,Brazil,Product Launch,es
07-10-2025,TikTok,Brand_TT,P1376,Text,246,157,28,6,1,1,0,11,0.0447,36,Paid,11000,11007,0,14:00,Tuesday,Germany,Evergreen,pt
31-10-2025,Instagram,Brand_IG,P1510,Image,1040,760,152,28,13,22,0,48,0.0462,215,Organic,10200,10197,8,08:30,Friday,Germany,Evergreen,en
21-08-2025,Facebook,Brand_FB,P1113,Link,1006,871,43,8,9,6,0,32,0.0318,66,Organic,10000,9999,1,20:00,Thursday,UK,Product Launch,en
03-09-2025,TikTok,Brand_TT,P1180,Image,4182,2577,361,55,50,43,0,97,0.0232,509,Organic,11000,11000,8,10:30,Wednesday,India,Evergreen,en
20-10-2025,LinkedIn,Brand_LI,P1451,Text,613,360,37,6,11,6,0,11,0.0179,60,Organic,10600,10608,6,17:45,Monday,UK,Brand Awareness,es
03-10-2025,LinkedIn,Brand_LI,P1348,Link,1844,1360,212,45,4,10,0,49,0.0266,271,Organic,10600,10599,3,18:15,Friday,USA,,hi
01-10-2025,TikTok,Brand_TT,P1339,Text,1843,1531,59,10,9,4,0,88,0.0477,82,Paid,11000,11005,2,07:00,Wednesday,UK,Evergreen,es
29-10-2025,Facebook,Brand_FB,P1494,Carousel,202,163,24,2,2,3,0,2,0.0099,31,Organic,10000,10000,5,15:15,Wednesday,India,Evergreen,es
06-10-2025,LinkedIn,Brand_LI,P1369,Video,2160,1568,213,40,17,36,1175,18,0.0083,306,Organic,10600,10592,0,19:00,Monday,UK,Evergreen,hi
14-09-2025,Facebook,Brand_FB,P1234,Text,3628,3191,217,28,37,29,0,23,0.0063,311,Organic,10000,10004,2,17:45,Sunday,UK,Product Launch,pt
29-10-2025,YouTube,Brand_YT,P1499,Story,2910,1957,218,36,6,25,688,135,0.0464,285,Organic,10800,10804,5,07:00,Wednesday,UK,,de
22-10-2025,YouTube,Brand_YT,P1461,Image,1665,1191,100,12,27,17,1029,64,0.0384,156,Organic,10800,10794,4,06:00,Wednesday,USA,Product Launch,hi
31-08-2025,Twitter,Brand_TW,P1165,Image,1479,750,168,26,9,17,0,52,0.0352,220,Organic,10400,10407,2,09:00,Sunday,Brazil,Product Launch,hi
25-08-2025,Twitter,Brand_TW,P1137,Text,2405,1542,102,23,18,7,0,93,0.0387,150,Organic,10400,10395,4,21:15,Monday,USA,Holiday Promo,de
06-09-2025,Instagram,Brand_IG,P1198,Image,1211,776,162,12,19,24,0,10,0.0083,217,Paid,10200,10211,2,08:00,Saturday,Brazil,Product Launch,pt
18-09-2025,YouTube,Brand_YT,P1259,Image,3836,2550,401,23,67,23,2203,16,0.0042,514,Paid,10800,10795,1,06:00,Thursday,Australia,Brand Awareness,pt
13-09-2025,TikTok,Brand_TT,P1233,Text,709,403,47,6,4,6,0,21,0.0296,63,Organic,11000,11001,0,12:15,Saturday,Australia,Holiday Promo,en
22-08-2025,Facebook,Brand_FB,P1116,Text,1388,1070,176,28,9,4,0,46,0.0331,217,Organic,10000,10005,6,11:45,Friday,UK,Evergreen,en
22-08-2025,TikTok,Brand_TT,P1121,Carousel,1806,1343,245,53,26,45,0,58,0.0321,369,Organic,11000,11008,8,13:00,Friday,USA,Product Launch,hi
05-10-2025,Twitter,Brand_TW,P1358,Text,50,32,7,0,0,0,0,0,0,7,Organic,10400,10407,0,15:15,Sunday,UK,,pt
12-09-2025,TikTok,Brand_TT,P1225,Story,1233,1125,148,32,21,28,0,24,0.0195,229,Paid,11000,11003,6,09:30,Friday,UK,Holiday Promo,hi
14-10-2025,Twitter,Brand_TW,P1413,Link,3611,2244,448,45,43,43,0,124,0.0343,579,Organic,10400,10390,3,22:30,Tuesday,Australia,Product Launch,es
04-10-2025,LinkedIn,Brand_LI,P1355,Video,380,317,49,11,4,6,90,10,0.0263,70,Organic,10600,10597,2,16:15,Saturday,USA,Brand Awareness,pt
23-08-2025,YouTube,Brand_YT,P1128,Carousel,3243,1776,166,12,30,6,763,153,0.0472,214,Paid,10800,10800,6,13:15,Saturday,UK,,es
23-09-2025,YouTube,Brand_YT,P1286,Image,3785,2177,546,86,4,12,2533,148,0.0391,648,Paid,10800,10800,6,09:15,Tuesday,Brazil,Evergreen,en
15-10-2025,Facebook,Brand_FB,P1422,Image,1494,1342,114,10,2,1,0,74,0.0495,127,Organic,10000,10000,6,08:30,Wednesday,Germany,,pt
19-08-2025,LinkedIn,Brand_LI,P1108,Video,1308,881,40,3,9,1,915,23,0.0176,53,Organic,10600,10596,0,15:45,Tuesday,Australia,Product Launch,pt
11-10-2025,LinkedIn,Brand_LI,P1401,Carousel,2456,2318,178,13,16,14,0,69,0.0281,221,Organic,10600,10607,8,17:00,Saturday,UK,Brand Awareness,hi
30-09-2025,TikTok,Brand_TT,P1334,Carousel,1203,726,25,3,10,2,0,25,0.0208,40,Organic,11000,11008,6,18:15,Tuesday,UK,Brand Awareness,pt
24-08-2025,LinkedIn,Brand_LI,P1134,Link,266,213,39,6,4,5,0,9,0.0338,54,Organic,10600,10601,7,14:15,Sunday,Australia,Brand Awareness,de
29-10-2025,LinkedIn,Brand_LI,P1497,Video,1475,1211,66,14,23,4,805,12,0.0081,107,Paid,10600,10607,3,15:15,Wednesday,Germany,Product Launch,pt
09-08-2025,Instagram,Brand_IG,P1045,Text,2456,1709,282,29,42,47,0,15,0.0061,400,Paid,10200,10202,3,20:45,Saturday,UK,Brand Awareness,pt
25-10-2025,Instagram,Brand_IG,P1473,Carousel,2638,1629,170,37,30,32,0,9,0.0034,269,Organic,10200,10199,1,18:45,Saturday,UK,Evergreen,pt
13-08-2025,Facebook,Brand_FB,P1066,Story,1340,909,40,4,18,4,0,64,0.0478,66,Organic,10000,10003,7,07:00,Wednesday,USA,Holiday Promo,hi
22-09-2025,YouTube,Brand_YT,P1284,Carousel,4236,3023,393,78,56,12,1873,57,0.0135,539,Organic,10800,10800,3,07:30,Monday,Germany,Brand Awareness,pt
15-08-2025,LinkedIn,Brand_LI,P1086,Image,2530,2112,173,13,5,33,0,73,0.0289,224,Organic,10600,10600,6,17:45,Friday,Australia,Brand Awareness,es
16-09-2025,Instagram,Brand_IG,P1243,Link,329,272,32,2,3,5,0,7,0.0213,42,Organic,10200,10196,8,17:00,Tuesday,Brazil,Product Launch,en
04-09-2025,LinkedIn,Brand_LI,P1187,Video,1522,976,119,7,11,1,449,62,0.0407,138,Paid,10600,10604,8,21:45,Thursday,Australia,Evergreen,pt
10-10-2025,TikTok,Brand_TT,P1394,Image,1162,1090,137,19,4,22,0,53,0.0456,182,Organic,11000,11002,7,15:45,Friday,Germany,Product Launch,hi
30-08-2025,TikTok,Brand_TT,P1160,Link,633,537,43,6,4,2,0,16,0.0253,55,Organic,11000,11015,1,21:30,Saturday,USA,Holiday Promo,es
04-08-2025,LinkedIn,Brand_LI,P1013,Image,2269,1479,218,20,11,5,0,73,0.0322,254,Organic,10600,10606,0,16:00,Monday,Brazil,Product Launch,es
07-08-2025,Instagram,Brand_IG,P1036,Link,768,500,104,6,2,8,0,7,0.0091,120,Organic,10200,10204,6,19:30,Thursday,Brazil,Evergreen,pt
06-08-2025,YouTube,Brand_YT,P1029,Image,620,507,12,2,6,1,446,21,0.0339,21,Organic,10800,10799,1,16:30,Wednesday,Australia,Brand Awareness,es
31-08-2025,TikTok,Brand_TT,P1171,Text,1063,620,102,12,16,6,0,14,0.0132,136,Organic,11000,11000,4,10:45,Sunday,Australia,Product Launch,pt
26-08-2025,LinkedIn,Brand_LI,P1143,Video,2582,2379,374,87,45,4,1542,18,0.007,510,Paid,10600,10592,4,20:45,Tuesday,USA,,pt
13-10-2025,TikTok,Brand_TT,P1409,Link,1856,939,64,5,22,2,0,43,0.0232,93,Organic,11000,10997,4,13:45,Monday,USA,,en
14-10-2025,YouTube,Brand_YT,P1418,Text,3309,1979,342,79,48,10,830,97,0.0293,479,Organic,10800,10797,7,06:45,Tuesday,USA,Brand Awareness,en
12-09-2025,LinkedIn,Brand_LI,P1222,Carousel,768,729,112,7,10,6,0,31,0.0404,135,Paid,10600,10603,0,13:45,Friday,UK,Product Launch,hi
17-08-2025,Facebook,Brand_FB,P1096,Video,497,271,26,2,1,4,125,23,0.0463,33,Organic,10000,10004,7,20:30,Sunday,Australia,Holiday Promo,hi
10-08-2025,LinkedIn,Brand_LI,P1052,Image,1778,1684,62,12,22,9,0,22,0.0124,105,Organic,10600,10606,7,20:30,Sunday,Brazil,Evergreen,es
15-09-2025,Twitter,Brand_TW,P1241,Carousel,1396,995,59,7,17,8,0,29,0.0208,91,Organic,10400,10400,5,13:00,Monday,Australia,Evergreen,es
09-10-2025,Facebook,Brand_FB,P1382,Carousel,2215,1834,187,39,39,10,0,35,0.0158,275,Organic,10000,10002,1,06:45,Thursday,Australia,Brand Awareness,hi
10-10-2025,Instagram,Brand_IG,P1389,Video,66,43,5,1,0,0,48,0,0,6,Paid,10200,10206,8,10:15,Friday,Australia,Brand Awareness,pt
03-09-2025,Facebook,Brand_FB,P1179,Story,2249,2030,201,35,5,31,0,75,0.0333,272,Organic,10000,10003,0,18:30,Wednesday,Germany,Brand Awareness,en
09-08-2025,Facebook,Brand_FB,P1042,Carousel,1486,1387,168,34,6,11,0,44,0.0296,219,Paid,10000,10002,6,18:15,Saturday,India,,hi
19-10-2025,YouTube,Brand_YT,P1447,Link,2611,1980,201,24,12,29,1738,127,0.0486,266,Organic,10800,10788,7,11:30,Sunday,India,Brand Awareness,pt
11-10-2025,Twitter,Brand_TW,P1398,Story,2430,1947,282,54,41,8,0,74,0.0305,385,Organic,10400,10406,1,20:15,Saturday,UK,Evergreen,en
08-09-2025,Instagram,Brand_IG,P1207,Link,1048,859,99,6,10,7,0,27,0.0258,122,Organic,10200,10200,5,11:30,Monday,India,,en
22-09-2025,Twitter,Brand_TW,P1283,Video,2796,2602,245,50,11,27,1348,52,0.0186,333,Paid,10400,10400,5,16:30,Monday,UK,Product Launch,de
18-09-2025,Facebook,Brand_FB,P1255,Text,947,615,140,15,1,13,0,11,0.0116,169,Organic,10000,9995,2,21:00,Thursday,USA,,pt
15-10-2025,Facebook,Brand_FB,P1423,Image,1797,928,49,10,3,1,0,73,0.0406,63,Organic,10000,10013,7,10:15,Wednesday,India,Brand Awareness,hi
03-08-2025,Facebook,Brand_FB,P1005,Story,273,238,11,1,3,1,0,9,0.033,16,Organic,10000,9999,2,13:15,Sunday,Germany,Evergreen,es
18-09-2025,Instagram,Brand_IG,P1257,Video,3204,2601,207,15,26,25,1015,133,0.0415,273,Organic,10200,10211,4,20:30,Thursday,Germany,Product Launch,es
26-10-2025,Twitter,Brand_TW,P1481,Text,2455,1699,159,10,40,16,0,40,0.0163,225,Organic,10400,10396,5,12:45,Sunday,Germany,Holiday Promo,de
18-08-2025,Facebook,Brand_FB,P1101,Link,3277,2010,428,103,40,16,0,19,0.0058,587,Organic,10000,9999,5,15:45,Monday,USA,,en
13-09-2025,Twitter,Brand_TW,P1227,Video,2642,1532,53,10,31,9,1953,77,0.0291,103,Organic,10400,10400,5,13:00,Saturday,Germany,Product Launch,es
16-10-2025,TikTok,Brand_TT,P1438,Link,237,185,26,1,3,2,0,8,0.0338,32,Organic,11000,10998,4,19:30,Thursday,Australia,,de
10-09-2025,Twitter,Brand_TW,P1214,Text,1522,947,45,4,24,5,0,14,0.0092,78,Organic,10400,10407,7,16:45,Wednesday,India,,es
16-10-2025,Instagram,Brand_IG,P1433,Text,1757,1019,120,16,8,9,0,26,0.0148,153,Organic,10200,10198,0,07:30,Thursday,USA,Brand Awareness,pt
01-09-2025,Instagram,Brand_IG,P1172,Link,2202,1458,70,16,20,10,0,15,0.0068,116,Organic,10200,10203,6,20:45,Monday,India,Brand Awareness,en
17-08-2025,LinkedIn,Brand_LI,P1099,Carousel,723,410,20,1,13,1,0,26,0.036,35,Organic,10600,10595,2,07:15,Sunday,Australia,Evergreen,pt
24-09-2025,YouTube,Brand_YT,P1293,Image,57,33,5,1,0,0,20,0,0,6,Organic,10800,10809,3,16:45,Wednesday,Germany,Holiday Promo,de
10-09-2025,YouTube,Brand_YT,P1216,Text,3975,2905,429,43,78,6,1920,94,0.0236,556,Organic,10800,10803,3,09:45,Wednesday,India,Product Launch,en
12-08-2025,YouTube,Brand_YT,P1062,Video,1303,1192,112,25,22,6,981,28,0.0215,165,Paid,10800,10800,8,14:00,Tuesday,UK,Holiday Promo,de
09-08-2025,LinkedIn,Brand_LI,P1048,Text,622,465,40,9,7,3,0,14,0.0225,59,Organic,10600,10593,3,09:15,Saturday,UK,Brand Awareness,de
07-08-2025,Facebook,Brand_FB,P1033,Story,2926,2379,246,24,39,2,0,111,0.0379,311,Organic,10000,10003,1,19:15,Thursday,USA,,pt
20-09-2025,Twitter,Brand_TW,P1268,Link,881,703,91,7,14,16,0,27,0.0306,128,Organic,10400,10400,2,22:45,Saturday,Germany,Product Launch,en
29-09-2025,Instagram,Brand_IG,P1328,Link,4781,2881,292,31,29,38,0,71,0.0149,390,Organic,10200,10200,5,22:45,Monday,Germany,Product Launch,hi
06-09-2025,YouTube,Brand_YT,P1201,Video,2975,2488,173,10,53,33,1625,22,0.0074,269,Organic,10800,10811,1,22:00,Saturday,UK,Holiday Promo,hi
22-10-2025,LinkedIn,Brand_LI,P1458,Link,529,333,54,3,2,6,0,20,0.0378,65,Organic,10600,10599,2,16:30,Wednesday,Australia,Holiday Promo,es
06-08-2025,LinkedIn,Brand_LI,P1028,Carousel,255,237,13,0,2,1,0,4,0.0157,16,Organic,10600,10602,8,09:45,Wednesday,Brazil,Product Launch,es
11-10-2025,LinkedIn,Brand_LI,P1400,Carousel,124,78,12,1,0,2,0,2,0.0161,15,Organic,10600,10594,4,19:30,Saturday,India,,en
13-09-2025,YouTube,Brand_YT,P1231,Video,2072,1863,84,5,39,16,904,102,0.0492,144,Paid,10800,10801,0,19:15,Saturday,Brazil,Evergreen,hi
18-09-2025,TikTok,Brand_TT,P1261,Story,705,548,40,8,7,5,0,27,0.0383,60,Organic,11000,11010,3,17:45,Thursday,UK,Product Launch,en
08-10-2025,LinkedIn,Brand_LI,P1379,Video,1828,1466,181,34,22,28,592,43,0.0235,265,Organic,10600,10612,0,08:30,Wednesday,UK,Holiday Promo,pt
24-09-2025,Facebook,Brand_FB,P1289,Story,1180,750,36,7,10,3,0,39,0.0331,56,Organic,10000,9995,8,13:15,Wednesday,Australia,Evergreen,de
31-08-2025,Facebook,Brand_FB,P1163,Video,1947,1604,162,37,22,21,469,7,0.0036,242,Organic,10000,9999,0,06:45,Sunday,USA,Product Launch,en
31-10-2025,Instagram,Brand_IG,P1511,Text,3874,2460,573,107,25,32,0,87,0.0225,737,Organic,10200,10208,8,08:00,Friday,Brazil,Brand Awareness,de
25-08-2025,YouTube,Brand_YT,P1139,Text,1653,1492,117,13,25,4,379,79,0.0478,159,Organic,10800,10811,7,14:45,Monday,USA,Product Launch,de
12-08-2025,TikTok,Brand_TT,P1063,Carousel,1719,1632,143,11,19,10,0,48,0.0279,183,Organic,11000,10998,7,16:15,Tuesday,Australia,Product Launch,de
24-08-2025,YouTube,Brand_YT,P1136,Video,1799,1233,83,12,22,8,1428,66,0.0367,125,Organic,10800,10800,8,12:30,Sunday,Australia,Evergreen,de
24-08-2025,Instagram,Brand_IG,P1129,Video,2620,2209,222,33,27,15,566,124,0.0473,297,Organic,10200,10199,3,12:30,Sunday,India,Brand Awareness,es
27-10-2025,TikTok,Brand_TT,P1489,Text,928,762,117,6,17,14,0,39,0.042,154,Organic,11000,11002,0,13:30,Monday,Brazil,Evergreen,es
03-08-2025,TikTok,Brand_TT,P1009,Story,1660,1490,195,39,12,12,0,15,0.009,258,Organic,11000,10996,4,22:15,Sunday,Brazil,Brand Awareness,es
29-09-2025,Facebook,Brand_FB,P1327,Text,4270,3623,333,21,54,32,0,204,0.0478,440,Paid,10000,9997,5,19:45,Monday,India,Brand Awareness,hi
25-10-2025,LinkedIn,Brand_LI,P1476,Carousel,498,259,64,7,7,0,0,22,0.0442,78,Organic,10600,10605,1,19:30,Saturday,UK,Evergreen,es
13-08-2025,Facebook,Brand_FB,P1065,Link,996,887,133,18,10,12,0,36,0.0361,173,Organic,10000,10009,2,08:45,Wednesday,UK,Holiday Promo,de
26-09-2025,Facebook,Brand_FB,P1301,Text,2910,2616,60,13,27,3,0,77,0.0265,103,Organic,10000,9996,2,11:15,Friday,UK,,en
04-08-2025,TikTok,Brand_TT,P1015,Text,3429,3047,92,16,45,1,0,126,0.0367,154,Organic,11000,11002,1,13:15,Monday,USA,,pt
29-08-2025,LinkedIn,Brand_LI,P1157,Carousel,203,144,26,2,2,4,0,9,0.0443,34,Organic,10600,10610,6,22:15,Friday,Germany,Product Launch,es
08-08-2025,LinkedIn,Brand_LI,P1041,Image,178,165,8,0,0,0,0,6,0.0337,8,Organic,10600,10607,3,20:30,Friday,UK,Product Launch,de
08-10-2025,YouTube,Brand_YT,P1380,Image,330,277,42,2,3,1,264,5,0.0152,48,Organic,10800,10805,3,12:00,Wednesday,India,,de
25-10-2025,Instagram,Brand_IG,P1472,Story,50,32,2,0,0,0,0,1,0.02,2,Organic,10200,10199,7,12:30,Saturday,Australia,Evergreen,pt
27-10-2025,TikTok,Brand_TT,P1488,Video,798,747,61,6,9,6,368,37,0.0464,82,Organic,11000,11005,6,21:15,Monday,UK,Product Launch,es
11-09-2025,Twitter,Brand_TW,P1217,Image,1284,677,156,14,6,13,0,44,0.0343,189,Paid,10400,10401,1,14:00,Thursday,India,Brand Awareness,hi
21-09-2025,YouTube,Brand_YT,P1280,Text,2095,1440,256,47,40,5,1509,24,0.0115,348,Paid,10800,10798,7,13:30,Sunday,Brazil,,de
23-10-2025,LinkedIn,Brand_LI,P1466,Text,2210,1774,75,16,43,6,0,58,0.0262,140,Organic,10600,10597,5,09:45,Thursday,India,,hi
17-10-2025,TikTok,Brand_TT,P1442,Carousel,486,424,39,6,8,7,0,11,0.0226,60,Organic,11000,10998,1,12:45,Friday,India,Brand Awareness,pt
01-10-2025,YouTube,Brand_YT,P1338,Image,3326,2061,236,37,14,42,1247,67,0.0201,329,Organic,10800,10802,3,18:45,Wednesday,USA,Brand Awareness,hi
14-09-2025,TikTok,Brand_TT,P1237,Carousel,801,725,99,18,10,3,0,30,0.0375,130,Organic,11000,11007,2,12:15,Sunday,USA,Brand Awareness,pt
08-09-2025,YouTube,Brand_YT,P1208,Video,1961,1634,39,8,2,0,891,90,0.0459,49,Organic,10800,10797,0,19:15,Monday,UK,Product Launch,pt
10-09-2025,Twitter,Brand_TW,P1213,Image,3217,2340,330,42,39,7,0,108,0.0336,418,Organic,10400,10403,4,14:30,Wednesday,Germany,Holiday Promo,es
24-09-2025,TikTok,Brand_TT,P1296,Story,408,366,12,0,0,1,0,1,0.0025,13,Organic,11000,11003,6,12:00,Wednesday,Brazil,Holiday Promo,de
24-10-2025,YouTube,Brand_YT,P1469,Image,1714,967,123,20,5,22,1516,8,0.0047,170,Paid,10800,10801,5,12:45,Friday,India,Product Launch,pt
17-09-2025,Twitter,Brand_TW,P1252,Link,261,141,9,0,4,1,0,2,0.0077,14,Organic,10400,10403,5,08:15,Wednesday,UK,Product Launch,es
30-10-2025,Facebook,Brand_FB,P1501,Link,1196,980,91,9,8,17,0,31,0.0259,125,Paid,10000,9996,4,17:45,Thursday,UK,Holiday Promo,de
24-10-2025,TikTok,Brand_TT,P1470,Story,2559,1854,305,61,31,46,0,103,0.0403,443,Paid,11000,11000,5,21:45,Friday,Germany,,es
26-09-2025,Instagram,Brand_IG,P1304,Carousel,2402,2274,318,26,40,39,0,96,0.04,423,Organic,10200,10204,2,22:30,Friday,USA,Holiday Promo,pt
03-10-2025,YouTube,Brand_YT,P1351,Video,3378,2545,161,32,62,9,2949,79,0.0234,264,Organic,10800,10811,0,15:00,Friday,Brazil,Product Launch,es
20-09-2025,YouTube,Brand_YT,P1270,Image,2212,2082,258,13,19,4,1292,92,0.0416,294,Organic,10800,10803,4,22:15,Saturday,Australia,Evergreen,es
07-09-2025,Instagram,Brand_IG,P1202,Text,394,349,36,4,5,5,0,18,0.0457,50,Organic,10200,10203,0,08:00,Sunday,UK,Product Launch,en
31-08-2025,Facebook,Brand_FB,P1162,Carousel,1855,1623,157,28,25,9,0,76,0.041,219,Paid,10000,9999,7,20:15,Sunday,Australia,Holiday Promo,hi
09-08-2025,Instagram,Brand_IG,P1044,Image,2841,2506,360,25,54,47,0,118,0.0415,486,Organic,10200,10199,6,11:30,Saturday,Brazil,,pt
11-09-2025,LinkedIn,Brand_LI,P1218,Story,3713,2597,136,31,62,9,0,15,0.004,238,Organic,10600,10602,2,19:45,Thursday,Germany,Brand Awareness,pt
11-10-2025,LinkedIn,Brand_LI,P1402,Text,2190,1787,156,17,18,12,0,61,0.0279,203,Organic,10600,10600,7,10:15,Saturday,Brazil,Evergreen,es
04-09-2025,YouTube,Brand_YT,P1191,Video,965,832,90,14,11,3,854,15,0.0155,118,Organic,10800,10804,8,09:15,Thursday,Germany,Brand Awareness,es
26-09-2025,YouTube,Brand_YT,P1310,Video,3102,2067,285,28,21,21,2152,115,0.0371,355,Paid,10800,10807,1,13:45,Friday,Australia,Product Launch,en
18-09-2025,YouTube,Brand_YT,P1260,Text,2401,1611,218,31,9,30,1539,39,0.0162,288,Organic,10800,10794,8,14:15,Thursday,Germany,Brand Awareness,de
19-08-2025,Twitter,Brand_TW,P1106,Video,1633,1416,202,15,9,26,1325,46,0.0282,252,Organic,10400,10409,8,09:30,Tuesday,India,Product Launch,es
10-08-2025,TikTok,Brand_TT,P1054,Story,1107,849,64,6,15,9,0,26,0.0235,94,Organic,11000,11007,4,12:45,Sunday,India,,hi
10-10-2025,Twitter,Brand_TW,P1390,Text,227,186,19,0,4,2,0,6,0.0264,25,Organic,10400,10402,7,07:00,Friday,Brazil,Holiday Promo,en
02-08-2025,Instagram,Brand_IG,P1002,Carousel,1212,934,112,21,17,10,0,28,0.0231,160,Organic,10200,10198,0,11:45,Saturday,UK,Holiday Promo,hi
21-10-2025,Facebook,Brand_FB,P1453,Video,1183,1036,115,9,7,22,671,21,0.0178,153,Paid,10000,10002,6,08:00,Tuesday,Germany,Holiday Promo,pt
29-10-2025,Facebook,Brand_FB,P1495,Video,1103,746,76,16,13,1,238,31,0.0281,106,Organic,10000,10010,3,08:45,Wednesday,USA,Holiday Promo,hi
10-08-2025,Instagram,Brand_IG,P1050,Link,2192,1109,196,20,42,22,0,77,0.0351,280,Organic,10200,10199,7,09:00,Sunday,Brazil,Holiday Promo,pt
14-10-2025,TikTok,Brand_TT,P1420,Video,587,294,84,17,5,9,501,11,0.0187,115,Organic,11000,10990,6,07:00,Tuesday,UK,,es
14-08-2025,TikTok,Brand_TT,P1081,Video,333,168,40,3,2,1,78,12,0.036,46,Organic,11000,10995,1,21:45,Thursday,UK,,de
07-09-2025,TikTok,Brand_TT,P1206,Carousel,3201,2728,363,30,10,57,0,47,0.0147,460,Paid,11000,10995,0,16:45,Sunday,UK,,en
07-08-2025,Instagram,Brand_IG,P1035,Story,537,476,42,8,9,2,0,21,0.0391,61,Organic,10200,10207,3,14:45,Thursday,India,Holiday Promo,hi
16-10-2025,Facebook,Brand_FB,P1431,Image,2045,1118,54,8,8,0,0,54,0.0264,70,Organic,10000,10000,3,20:30,Thursday,Germany,Product Launch,es
19-09-2025,YouTube,Brand_YT,P1264,Image,1703,858,64,11,12,11,1479,25,0.0147,98,Organic,10800,10805,5,16:15,Friday,India,Evergreen,pt
15-10-2025,YouTube,Brand_YT,P1428,Video,3062,1728,169,23,16,7,2094,93,0.0304,215,Organic,10800,10807,1,15:30,Wednesday,Germany,Brand Awareness,de
06-10-2025,LinkedIn,Brand_LI,P1367,Link,1114,590,99,19,5,16,0,10,0.009,139,Organic,10600,10605,5,19:45,Monday,UK,Evergreen,es
16-08-2025,LinkedIn,Brand_LI,P1092,Carousel,749,392,34,8,11,5,0,11,0.0147,58,Organic,10600,10600,7,19:15,Saturday,USA,Evergreen,de
01-10-2025,TikTok,Brand_TT,P1340,Video,1381,914,36,6,26,1,695,3,0.0022,69,Organic,11000,10996,1,18:15,Wednesday,India,Brand Awareness,de
27-10-2025,YouTube,Brand_YT,P1486,Image,1981,1793,144,17,26,3,1704,72,0.0363,190,Organic,10800,10803,1,22:00,Monday,Brazil,,de
10-08-2025,YouTube,Brand_YT,P1053,Carousel,1287,1003,127,25,24,6,447,43,0.0334,182,Organic,10800,10810,2,08:15,Sunday,India,Evergreen,pt
02-10-2025,TikTok,Brand_TT,P1346,Image,592,425,19,3,9,2,0,16,0.027,33,Organic,11000,10999,4,07:30,Thursday,USA,,en
19-09-2025,TikTok,Brand_TT,P1265,Text,2490,1549,174,38,40,23,0,100,0.0402,275,Organic,11000,11008,0,11:00,Friday,Germany,,pt
15-09-2025,LinkedIn,Brand_LI,P1242,Link,2563,1304,323,35,16,33,0,90,0.0351,407,Organic,10600,10602,3,10:30,Monday,Australia,Evergreen,es
04-08-2025,YouTube,Brand_YT,P1014,Story,2444,1755,220,42,43,26,904,60,0.0245,331,Organic,10800,10805,1,09:45,Monday,UK,Evergreen,pt
27-09-2025,Twitter,Brand_TW,P1316,Carousel,890,770,84,15,17,9,0,34,0.0382,125,Organic,10400,10400,7,20:00,Saturday,Germany,Brand Awareness,es
15-08-2025,YouTube,Brand_YT,P1089,Link,3590,1804,477,77,30,17,2309,12,0.0033,601,Organic,10800,10798,3,18:45,Friday,Germany,Holiday Promo,hi
10-10-2025,Instagram,Brand_IG,P1388,Text,2402,2097,142,22,10,11,0,9,0.0037,185,Organic,10200,10199,1,20:00,Friday,Germany,,hi
21-09-2025,Twitter,Brand_TW,P1274,Video,1562,1458,32,6,17,2,952,72,0.0461,57,Organic,10400,10402,2,11:15,Sunday,India,Evergreen,de
31-08-2025,LinkedIn,Brand_LI,P1167,Text,394,264,36,2,0,1,0,10,0.0254,39,Organic,10600,10604,5,09:00,Sunday,USA,Product Launch,de
29-09-2025,Instagram,Brand_IG,P1329,Image,3797,2112,191,19,57,29,0,45,0.0119,296,Organic,10200,10196,1,08:45,Monday,Brazil,Brand Awareness,en
30-10-2025,Twitter,Brand_TW,P1505,Text,1776,1428,240,13,24,33,0,37,0.0208,310,Organic,10400,10406,1,16:15,Thursday,India,Brand Awareness,pt
24-08-2025,YouTube,Brand_YT,P1135,Text,5808,3349,591,102,98,22,3929,20,0.0034,813,Paid,10800,10800,1,12:00,Sunday,Germany,Holiday Promo,pt
26-09-2025,LinkedIn,Brand_LI,P1307,Text,168,101,20,4,1,2,0,6,0.0357,27,Organic,10600,10603,1,19:15,Friday,UK,Evergreen,hi
28-10-2025,TikTok,Brand_TT,P1493,Story,122,96,12,2,0,1,0,3,0.0246,15,Organic,11000,10997,1,09:15,Tuesday,USA,,hi
28-09-2025,Instagram,Brand_IG,P1320,Link,3398,2451,503,115,59,51,0,167,0.0491,728,Paid,10200,10194,4,18:15,Sunday,Brazil,Product Launch,en
16-09-2025,LinkedIn,Brand_LI,P1244,Link,401,328,29,5,4,3,0,4,0.01,41,Paid,10600,10613,3,07:15,Tuesday,India,Evergreen,en
11-08-2025,Facebook,Brand_FB,P1055,Story,3900,2211,212,16,8,34,0,119,0.0305,270,Organic,10000,10004,4,20:00,Monday,Germany,Holiday Promo,pt
05-10-2025,TikTok,Brand_TT,P1364,Image,986,646,64,11,5,12,0,25,0.0254,92,Organic,11000,11003,4,18:00,Sunday,Brazil,Holiday Promo,hi
10-08-2025,Twitter,Brand_TW,P1051,Text,2537,1771,111,6,47,11,0,105,0.0414,175,Organic,10400,10399,1,07:15,Sunday,USA,,es
24-10-2025,LinkedIn,Brand_LI,P1468,Text,727,425,21,4,7,2,0,7,0.0096,34,Paid,10600,10602,7,09:45,Friday,Germany,,en
01-09-2025,Twitter,Brand_TW,P1175,Link,3948,1986,282,61,32,49,0,91,0.023,424,Organic,10400,10400,2,15:30,Monday,Brazil,Product Launch,pt
19-10-2025,Twitter,Brand_TW,P1446,Image,602,341,34,8,7,1,0,16,0.0266,50,Organic,10400,10407,2,10:15,Sunday,USA,Brand Awareness,en
04-09-2025,YouTube,Brand_YT,P1190,Image,2720,1910,177,37,25,35,2020,36,0.0132,274,Organic,10800,10798,5,19:15,Thursday,Brazil,Product Launch,hi
31-10-2025,Instagram,Brand_IG,P1509,Carousel,3667,2163,285,36,22,35,0,23,0.0063,378,Organic,10200,10202,5,11:45,Friday,Australia,Evergreen,en
23-10-2025,LinkedIn,Brand_LI,P1464,Image,50,28,5,0,0,0,0,2,0.04,5,Organic,10600,10604,3,22:00,Thursday,India,,en
04-09-2025,LinkedIn,Brand_LI,P1188,Story,50,43,4,0,0,0,0,0,0,4,Organic,10600,10607,8,15:15,Thursday,Germany,,pt
31-08-2025,TikTok,Brand_TT,P1170,Video,1522,1335,97,19,29,8,1128,5,0.0033,153,Organic,11000,11004,7,21:15,Sunday,UK,,pt
12-08-2025,Instagram,Brand_IG,P1059,Text,2970,2640,377,18,52,36,0,13,0.0044,483,Organic,10200,10193,7,20:00,Tuesday,USA,Holiday Promo,de
09-08-2025,TikTok,Brand_TT,P1049,Story,839,489,40,5,12,7,0,22,0.0262,64,Organic,11000,11009,1,12:30,Saturday,USA,Holiday Promo,hi
02-10-2025,YouTube,Brand_YT,P1345,Text,2928,1714,318,64,11,20,1425,51,0.0174,413,Organic,10800,10802,1,07:15,Thursday,USA,Brand Awareness,hi
14-09-2025,TikTok,Brand_TT,P1236,Image,254,223,32,4,2,5,0,6,0.0236,43,Paid,11000,11001,7,15:00,Sunday,Germany,Brand Awareness,de
17-09-2025,YouTube,Brand_YT,P1253,Text,1970,1683,124,12,12,21,1042,85,0.0431,169,Organic,10800,10803,1,21:15,Wednesday,Brazil,Brand Awareness,pt
05-08-2025,LinkedIn,Brand_LI,P1022,Link,66,36,2,0,0,0,0,2,0.0303,2,Organic,10600,10602,4,22:45,Tuesday,UK,Brand Awareness,en
27-09-2025,Instagram,Brand_IG,P1314,Video,641,345,35,4,8,3,218,1,0.0016,50,Organic,10200,10204,1,15:30,Saturday,UK,Holiday Promo,hi
22-10-2025,YouTube,Brand_YT,P1460,Video,50,36,6,1,0,0,43,2,0.04,7,Organic,10800,10803,1,19:45,Wednesday,India,Brand Awareness,hi
31-08-2025,Facebook,Brand_FB,P1161,Text,1136,591,150,29,1,17,0,34,0.0299,197,Organic,10000,10014,4,10:15,Sunday,UK,Product Launch,pt
21-09-2025,LinkedIn,Brand_LI,P1277,Story,1281,716,143,35,5,16,0,41,0.032,199,Organic,10600,10597,5,21:45,Sunday,Australia,,es
19-10-2025,Facebook,Brand_FB,P1444,Text,1793,1176,139,24,11,3,0,78,0.0435,177,Organic,10000,10011,8,16:45,Sunday,Brazil,Holiday Promo,es
04-09-2025,YouTube,Brand_YT,P1192,Story,2600,1448,344,34,37,57,1905,89,0.0342,472,Organic,10800,10802,4,19:45,Thursday,Germany,Brand Awareness,en
09-10-2025,TikTok,Brand_TT,P1386,Carousel,628,319,59,6,11,9,0,3,0.0048,85,Organic,11000,11001,0,16:45,Thursday,Australia,,hi
24-09-2025,TikTok,Brand_TT,P1294,Story,186,118,17,2,1,1,0,4,0.0215,21,Organic,11000,11011,3,13:45,Wednesday,UK,Holiday Promo,hi
14-10-2025,LinkedIn,Brand_LI,P1414,Carousel,70,35,1,0,0,0,0,2,0.0286,1,Organic,10600,10604,4,14:15,Tuesday,India,Brand Awareness,de
02-10-2025,LinkedIn,Brand_LI,P1344,Text,3217,2036,174,21,3,22,0,64,0.0199,220,Organic,10600,10606,0,17:15,Thursday,UK,Brand Awareness,de
18-09-2025,LinkedIn,Brand_LI,P1258,Text,742,490,33,7,13,2,0,9,0.0121,55,Organic,10600,10603,2,12:00,Thursday,Brazil,,hi
26-09-2025,YouTube,Brand_YT,P1309,Text,1626,1078,65,11,9,11,807,31,0.0191,96,Organic,10800,10804,6,12:45,Friday,Brazil,,pt
27-08-2025,TikTok,Brand_TT,P1150,Story,1376,822,40,5,19,4,0,6,0.0044,68,Paid,11000,11001,7,07:30,Wednesday,Germany,Product Launch,hi
24-08-2025,Twitter,Brand_TW,P1131,Image,770,582,34,5,1,3,0,29,0.0377,43,Organic,10400,10400,1,10:00,Sunday,Germany,Holiday Promo,es
28-08-2025,Instagram,Brand_IG,P1152,Video,2909,2754,206,15,57,34,2121,142,0.0488,312,Organic,10200,10210,8,19:45,Thursday,USA,Product Launch,pt
05-10-2025,LinkedIn,Brand_LI,P1360,Image,411,268,51,5,4,3,0,15,0.0365,63,Organic,10600,10598,8,22:30,Sunday,Brazil,Evergreen,de
17-08-2025,TikTok,Brand_TT,P1100,Carousel,212,155,8,0,1,0,0,3,0.0142,9,Organic,11000,11003,5,08:30,Sunday,India,,pt
07-10-2025,Facebook,Brand_FB,P1373,Link,2550,1978,69,10,9,11,0,60,0.0235,99,Organic,10000,10000,1,11:15,Tuesday,Germany,Evergreen,es
15-08-2025,LinkedIn,Brand_LI,P1088,Text,1434,1262,210,44,18,27,0,4,0.0028,299,Paid,10600,10601,4,06:15,Friday,UK,Holiday Promo,es
22-10-2025,LinkedIn,Brand_LI,P1459,Story,2742,2232,184,28,21,6,0,23,0.0084,239,Organic,10600,10606,7,19:30,Wednesday,USA,Brand Awareness,hi
30-09-2025,Instagram,Brand_IG,P1331,Carousel,3549,3113,84,15,61,6,0,88,0.0248,166,Paid,10200,10200,8,14:45,Tuesday,USA,,hi
10-09-2025,LinkedIn,Brand_LI,P1215,Video,671,471,53,11,1,8,277,24,0.0358,73,Organic,10600,10601,3,16:15,Wednesday,India,Product Launch,es
24-10-2025,Facebook,Brand_FB,P1467,Text,3481,2934,388,62,6,28,0,26,0.0075,484,Organic,10000,10000,4,20:15,Friday,Brazil,Evergreen,es
22-08-2025,TikTok,Brand_TT,P1122,Text,112,57,10,1,1,1,0,3,0.0268,13,Organic,11000,10997,4,18:45,Friday,Brazil,Evergreen,pt
31-10-2025,YouTube,Brand_YT,P1512,Text,697,478,56,10,11,4,425,27,0.0387,81,Organic,10800,10799,7,11:15,Friday,Germany,Brand Awareness,en
05-08-2025,Instagram,Brand_IG,P1021,Link,1982,1776,266,32,7,44,0,70,0.0353,349,Organic,10200,10200,8,06:30,Tuesday,Australia,Brand Awareness,hi
04-09-2025,YouTube,Brand_YT,P1189,Carousel,3512,2563,331,34,39,65,2034,134,0.0382,469,Organic,10800,10799,7,12:45,Thursday,India,Product Launch,es
14-08-2025,Facebook,Brand_FB,P1072,Link,3205,2580,364,66,54,47,0,145,0.0452,531,Organic,10000,10000,4,20:00,Thursday,Brazil,Holiday Promo,hi
19-08-2025,Twitter,Brand_TW,P1107,Text,616,558,24,3,11,1,0,14,0.0227,39,Organic,10400,10409,0,19:00,Tuesday,Germany,,es
20-09-2025,YouTube,Brand_YT,P1271,Link,2288,1993,288,63,16,44,1418,83,0.0363,411,Organic,10800,10802,7,09:00,Saturday,Australia,Product Launch,en
03-10-2025,LinkedIn,Brand_LI,P1349,Carousel,625,488,27,5,5,0,0,20,0.032,37,Organic,10600,10598,7,19:00,Friday,USA,Product Launch,de
16-10-2025,YouTube,Brand_YT,P1436,Story,2034,1720,49,7,20,7,1576,48,0.0236,83,Organic,10800,10803,8,06:45,Thursday,USA,Product Launch,es
18-08-2025,Instagram,Brand_IG,P1103,Link,1060,677,152,17,16,7,0,52,0.0491,192,Organic,10200,10206,4,09:00,Monday,Australia,Holiday Promo,de
